,abbreviation,assist_percentage,block_percentage,effective_field_goal_percentage,field_goal_percentage,free_throw_attempt_rate,free_throw_percentage,free_throws_per_field_goal_attempt,net_rating,offensive_rating,offensive_rebound_percentage,opp_assist_percentage,opp_block_percentage,opp_effective_field_goal_percentage,opp_field_goal_percentage,opp_free_throw_attempt_rate,opp_free_throw_percentage,opp_free_throws_per_field_goal_attempt,opp_offensive_rating,opp_offensive_rebound_percentage,opp_steal_percentage,opp_three_point_attempt_rate,opp_three_point_field_goal_percentage,opp_total_rebound_percentage,opp_true_shooting_percentage,opp_two_point_field_goal_percentage,pace,simple_rating_system,steal_percentage,strength_of_schedule,three_point_attempt_rate,three_point_field_goal_percentage,total_rebound_percentage,true_shooting_percentage,turnover_percentage,two_point_field_goal_percentage,win_percentage,Team_Id
0,ABILENE-CHRISTIAN,56.6,8.5,0.53,0.464,0.349,0.663,0.232,-3.200000000000003,100.1,23.5,55.5,8.8,0.522,0.455,0.431,0.666,0.287,103.3,30.1,8.9,0.373,0.361,52.9,0.553,0.51,68.0,-11.86,10.5,-7.1,0.354,0.376,47.1,0.554,18.5,0.511,0.448,1101
1,AIR-FORCE,60.5,5.7,0.506,0.436,0.381,0.717,0.273,-2.9000000000000057,104.6,26.1,59.7,9.8,0.542,0.457,0.326,0.71,0.231,107.5,24.6,8.6,0.467,0.364,49.7,0.57,0.539,69.0,-3.06,8.6,1.0,0.388,0.363,50.3,0.544,15.0,0.482,0.364,1102
2,AKRON,54.5,8.6,0.556,0.466,0.366,0.683,0.25,9.0,113.1,29.8,45.0,6.9,0.504,0.444,0.327,0.706,0.231,104.1,28.1,8.6,0.332,0.365,48.8,0.536,0.483,68.0,3.59,8.1,-1.21,0.484,0.372,51.2,0.58,15.0,0.555,0.75,1103
3,ALABAMA-AM,51.9,4.4,0.446,0.405,0.396,0.669,0.265,-24.0,93.4,30.0,49.9,9.1,0.538,0.476,0.34,0.681,0.231,117.4,36.7,10.4,0.341,0.364,53.6,0.563,0.534,65.4,-26.99,5.2,-11.09,0.289,0.28,46.4,0.487,17.3,0.456,0.069,1105
4,ALABAMA-BIRMINGHAM,60.2,13.2,0.518,0.462,0.373,0.736,0.274,2.299999999999997,105.1,30.2,50.2,8.2,0.495,0.431,0.293,0.692,0.203,102.8,28.1,9.7,0.377,0.342,47.6,0.524,0.484,67.8,-1.17,7.0,-1.83,0.322,0.348,52.4,0.556,17.3,0.515,0.515,1412
5,ALABAMA-STATE,41.7,8.0,0.447,0.392,0.346,0.637,0.22,-12.0,93.2,34.6,49.1,8.0,0.498,0.444,0.42,0.679,0.285,105.2,32.3,10.5,0.318,0.343,49.6,0.534,0.491,69.6,-19.75,6.8,-10.75,0.368,0.297,50.4,0.478,18.6,0.447,0.258,1106
6,ALABAMA,48.2,11.6,0.483,0.424,0.391,0.653,0.255,5.599999999999994,100.3,34.1,43.4,8.3,0.461,0.405,0.399,0.671,0.268,94.7,26.6,9.3,0.34,0.333,46.2,0.5,0.442,67.4,11.29,8.6,7.47,0.372,0.317,53.8,0.515,17.3,0.487,0.559,1104
7,ALBANY-NY,49.0,5.6,0.517,0.467,0.333,0.757,0.252,8.5,109.2,33.7,54.7,10.1,0.505,0.431,0.309,0.708,0.218,100.7,23.0,8.6,0.432,0.341,44.5,0.536,0.5,65.3,-0.16,7.8,-4.69,0.266,0.372,55.5,0.555,15.6,0.502,0.6,1107
8,ALCORN-STATE,53.1,9.2,0.488,0.429,0.328,0.652,0.214,2.0999999999999943,100.0,32.5,55.2,6.9,0.467,0.418,0.385,0.648,0.249,97.9,30.2,9.9,0.322,0.306,48.6,0.5,0.471,69.2,-12.33,9.4,-10.95,0.359,0.332,51.4,0.515,17.3,0.483,0.563,1108
9,AMERICAN,49.0,6.9,0.503,0.449,0.307,0.618,0.19,-10.400000000000006,94.0,21.7,53.6,8.3,0.525,0.469,0.414,0.704,0.291,104.4,28.0,10.1,0.306,0.368,53.4,0.56,0.513,65.2,-10.3,10.6,-3.5,0.343,0.318,46.6,0.522,18.3,0.517,0.267,1110
10,APPALACHIAN-STATE,55.3,7.6,0.491,0.421,0.378,0.681,0.258,-3.200000000000003,101.7,29.4,50.0,10.1,0.515,0.459,0.432,0.686,0.296,104.9,26.5,8.3,0.3,0.376,49.3,0.55,0.494,72.1,-8.67,7.7,-1.6,0.417,0.338,50.7,0.525,16.5,0.479,0.3,1111
11,ARIZONA-STATE,48.4,8.8,0.514,0.434,0.319,0.749,0.239,-4.200000000000003,108.0,24.4,63.5,11.3,0.554,0.479,0.3,0.712,0.213,112.2,32.2,7.1,0.409,0.364,54.9,0.578,0.559,72.5,4.02,8.1,7.11,0.438,0.366,45.1,0.55,12.7,0.487,0.455,1113
12,ARIZONA,51.3,8.8,0.537,0.477,0.405,0.765,0.31,15.799999999999997,113.8,33.1,53.4,7.7,0.477,0.421,0.286,0.684,0.196,98.0,25.7,7.0,0.364,0.31,44.9,0.506,0.485,67.3,18.25,8.1,7.63,0.305,0.39,55.1,0.58,14.5,0.515,0.865,1112
13,ARKANSAS-LITTLE-ROCK,48.9,11.7,0.502,0.443,0.333,0.741,0.246,0.10000000000000853,102.7,28.8,54.7,6.9,0.514,0.445,0.402,0.717,0.288,102.6,27.1,8.1,0.381,0.36,49.4,0.552,0.497,66.1,-6.07,8.6,-3.8,0.342,0.346,50.6,0.54,16.9,0.494,0.469,1114
14,ARKANSAS-PINE-BLUFF,48.1,9.5,0.463,0.403,0.337,0.652,0.22,-15.299999999999997,88.2,29.8,59.1,8.4,0.512,0.448,0.564,0.708,0.399,103.5,34.9,13.6,0.399,0.318,53.2,0.561,0.535,68.7,-22.81,12.4,-10.28,0.36,0.335,46.8,0.494,22.4,0.441,0.219,1115
15,ARKANSAS-STATE,48.1,7.3,0.522,0.461,0.415,0.638,0.265,6.099999999999994,106.1,31.4,54.1,10.3,0.489,0.433,0.413,0.685,0.283,100.0,27.2,8.2,0.352,0.316,47.9,0.527,0.496,68.8,0.87,7.8,-2.1,0.323,0.38,52.1,0.547,16.2,0.5,0.625,1117
16,ARKANSAS,49.8,12.4,0.514,0.461,0.381,0.761,0.29,7.6000000000000085,110.7,31.7,50.4,7.7,0.478,0.417,0.39,0.705,0.275,103.1,33.9,7.2,0.367,0.332,50.5,0.519,0.467,71.7,14.04,10.8,8.6,0.295,0.365,49.5,0.558,14.3,0.5,0.722,1116
17,ARMY,61.8,4.9,0.518,0.442,0.28,0.655,0.183,-0.5999999999999943,99.7,27.1,51.7,11.4,0.498,0.44,0.336,0.69,0.232,100.3,23.5,10.2,0.349,0.33,48.2,0.529,0.499,72.0,-5.84,7.6,-4.1,0.433,0.353,51.8,0.538,18.3,0.51,0.406,1119
18,AUBURN,48.3,13.4,0.511,0.437,0.425,0.672,0.285,1.0999999999999943,106.1,30.3,50.5,7.9,0.506,0.437,0.388,0.72,0.279,105.0,33.2,8.1,0.388,0.357,51.6,0.545,0.487,75.2,8.17,9.6,7.33,0.401,0.366,48.4,0.544,15.5,0.485,0.563,1120
19,AUSTIN-PEAY,40.2,6.3,0.535,0.469,0.405,0.708,0.286,-8.399999999999991,106.9,24.4,51.3,7.9,0.562,0.491,0.297,0.729,0.217,115.3,35.3,7.7,0.38,0.37,55.1,0.587,0.566,71.8,-11.0,7.8,-2.32,0.373,0.355,44.9,0.569,15.4,0.537,0.367,1122
20,BALL-STATE,56.9,8.8,0.54,0.461,0.346,0.718,0.248,4.299999999999997,106.7,28.3,46.9,9.5,0.486,0.422,0.352,0.718,0.253,102.4,28.2,9.8,0.358,0.356,48.8,0.524,0.459,72.7,-1.45,8.1,-3.57,0.418,0.379,51.2,0.571,17.5,0.52,0.618,1123
21,BAYLOR,59.1,13.0,0.53,0.471,0.338,0.723,0.244,14.0,111.5,40.2,58.2,9.6,0.462,0.405,0.299,0.713,0.213,97.5,28.6,8.3,0.351,0.323,43.5,0.498,0.449,65.3,19.75,7.9,11.87,0.328,0.359,56.5,0.562,17.1,0.525,0.771,1124
22,BELMONT,60.3,6.8,0.558,0.469,0.306,0.768,0.235,10.700000000000003,110.7,26.3,45.8,10.8,0.478,0.427,0.321,0.746,0.239,100.0,24.7,8.2,0.321,0.318,47.9,0.518,0.478,69.0,4.28,6.3,-1.69,0.526,0.342,52.1,0.59,16.3,0.609,0.767,1125
23,BETHUNE-COOKMAN,53.3,7.9,0.472,0.415,0.274,0.662,0.182,-9.399999999999991,98.7,31.1,59.6,9.4,0.529,0.469,0.388,0.673,0.261,108.1,35.0,8.1,0.356,0.335,53.0,0.557,0.543,70.1,-19.44,10.6,-11.21,0.352,0.32,47.0,0.498,15.3,0.467,0.313,1126
24,BINGHAMTON,53.4,6.9,0.508,0.437,0.316,0.705,0.223,-4.3999999999999915,100.4,23.4,55.0,9.0,0.518,0.45,0.317,0.683,0.216,104.8,26.8,8.6,0.379,0.361,51.4,0.544,0.504,67.4,-11.99,7.7,-5.79,0.39,0.362,48.6,0.538,16.4,0.485,0.375,1127
25,BOISE-STATE,47.7,6.1,0.52,0.45,0.412,0.712,0.294,5.6000000000000085,106.7,28.2,48.8,13.7,0.477,0.427,0.412,0.729,0.3,101.1,26.3,8.5,0.3,0.336,48.7,0.525,0.466,70.4,5.52,7.0,2.72,0.403,0.348,51.3,0.558,16.0,0.519,0.625,1129
26,BOSTON-COLLEGE,56.1,7.3,0.516,0.448,0.296,0.68,0.201,-8.099999999999994,100.0,25.7,58.0,10.0,0.532,0.47,0.396,0.756,0.299,108.1,24.1,10.6,0.352,0.354,49.8,0.574,0.532,72.5,2.2,7.7,8.08,0.364,0.374,50.2,0.541,17.9,0.491,0.281,1130
27,BOSTON-UNIVERSITY,55.0,7.7,0.517,0.443,0.336,0.696,0.234,3.3000000000000114,102.9,27.6,57.3,9.7,0.501,0.425,0.365,0.684,0.25,99.6,27.9,9.9,0.417,0.363,49.9,0.533,0.47,69.9,-2.43,11.7,-3.66,0.419,0.354,50.1,0.547,17.2,0.507,0.563,1131
28,BOWLING-GREEN-STATE,46.9,7.1,0.481,0.425,0.361,0.667,0.241,-4.200000000000003,100.1,28.2,47.8,9.6,0.525,0.464,0.337,0.727,0.245,104.3,28.0,8.5,0.357,0.342,51.2,0.559,0.532,72.7,-6.0,9.4,-2.0,0.329,0.342,48.8,0.514,15.1,0.466,0.406,1132
29,BRADLEY,50.9,10.5,0.488,0.425,0.418,0.673,0.281,-7.5,95.1,26.2,58.5,9.3,0.485,0.418,0.403,0.715,0.289,102.6,29.5,11.3,0.391,0.342,50.8,0.528,0.467,68.6,-2.84,8.9,2.94,0.354,0.356,49.2,0.524,19.5,0.462,0.394,1133
30,BRIGHAM-YOUNG,57.0,11.7,0.511,0.456,0.422,0.733,0.31,8.5,106.7,29.2,53.4,7.3,0.48,0.417,0.311,0.645,0.201,98.2,24.9,9.2,0.389,0.324,46.5,0.506,0.476,75.6,8.22,8.7,1.87,0.325,0.344,53.5,0.555,16.0,0.509,0.647,1140
31,BROWN,54.3,5.3,0.516,0.443,0.445,0.759,0.338,-2.9000000000000057,105.1,27.1,53.4,12.8,0.567,0.499,0.373,0.714,0.267,108.0,29.6,9.7,0.369,0.372,52.2,0.595,0.573,72.1,-8.55,10.5,-4.08,0.401,0.367,47.8,0.566,17.6,0.493,0.433,1135
32,BRYANT,54.8,5.8,0.499,0.438,0.332,0.72,0.239,-4.5,103.2,29.5,50.2,9.7,0.513,0.452,0.374,0.735,0.275,107.7,30.4,8.6,0.37,0.332,50.6,0.552,0.522,70.0,-9.69,9.5,-5.43,0.366,0.338,49.4,0.535,16.2,0.495,0.375,1136
33,BUCKNELL,54.1,9.7,0.553,0.48,0.372,0.681,0.253,11.800000000000011,107.9,26.7,49.3,8.7,0.48,0.426,0.331,0.66,0.218,96.1,27.8,9.9,0.313,0.342,49.4,0.509,0.465,70.7,5.89,10.2,-2.48,0.384,0.379,50.6,0.578,16.8,0.543,0.743,1137
34,BUFFALO,52.3,10.2,0.513,0.451,0.366,0.692,0.253,4.700000000000003,105.8,33.0,51.0,8.7,0.476,0.415,0.424,0.682,0.289,101.1,28.5,8.7,0.351,0.347,46.9,0.516,0.451,73.1,0.92,7.7,-1.01,0.374,0.33,53.1,0.545,16.6,0.523,0.531,1138
35,BUTLER,50.0,8.4,0.546,0.477,0.371,0.741,0.275,11.0,112.6,27.1,44.7,7.3,0.508,0.445,0.37,0.697,0.258,101.6,26.7,7.4,0.377,0.333,49.4,0.542,0.513,67.3,17.7,8.9,10.23,0.376,0.366,50.6,0.581,13.4,0.545,0.735,1139
36,CAL-POLY,44.4,9.2,0.475,0.403,0.297,0.697,0.207,-7.599999999999994,99.9,26.0,50.2,9.0,0.521,0.466,0.392,0.717,0.281,107.5,29.9,7.1,0.278,0.391,53.5,0.557,0.496,66.7,-10.71,7.8,-4.22,0.421,0.34,46.5,0.507,14.0,0.449,0.355,1142
37,CAL-STATE-BAKERSFIELD,56.6,12.3,0.496,0.44,0.371,0.64,0.237,10.700000000000003,100.8,33.9,55.3,8.5,0.436,0.371,0.464,0.691,0.321,90.1,29.8,8.6,0.407,0.318,47.7,0.489,0.408,69.6,3.21,11.5,-1.94,0.32,0.351,52.3,0.523,17.8,0.482,0.714,1167
38,CAL-STATE-FULLERTON,47.1,9.9,0.497,0.444,0.404,0.687,0.277,3.0,100.9,30.0,49.8,8.6,0.481,0.423,0.4,0.722,0.289,97.9,25.8,8.4,0.351,0.332,47.8,0.526,0.472,70.8,-7.55,9.6,-6.85,0.341,0.311,52.2,0.533,17.4,0.513,0.531,1168
39,CAL-STATE-NORTHRIDGE,51.0,7.0,0.503,0.461,0.459,0.729,0.334,-4.400000000000006,104.6,28.0,49.0,7.9,0.517,0.46,0.415,0.72,0.299,109.0,31.0,8.1,0.295,0.386,51.0,0.556,0.49,74.6,-8.34,9.2,-4.13,0.238,0.349,49.0,0.55,15.8,0.496,0.367,1169
40,CALIFORNIA-DAVIS,52.8,9.0,0.49,0.435,0.412,0.674,0.278,0.8000000000000114,98.9,28.9,53.9,8.9,0.487,0.426,0.319,0.713,0.228,98.1,27.5,9.7,0.368,0.329,49.2,0.522,0.483,70.2,-5.21,7.9,-4.68,0.316,0.348,50.8,0.526,17.6,0.475,0.639,1413
41,CALIFORNIA-IRVINE,50.3,11.4,0.508,0.444,0.296,0.686,0.203,7.5,103.3,32.4,52.2,7.3,0.437,0.383,0.388,0.7,0.271,95.8,25.5,8.3,0.335,0.324,45.5,0.484,0.413,67.1,0.18,7.2,-2.7,0.356,0.361,54.5,0.534,17.0,0.489,0.583,1414
42,CALIFORNIA-RIVERSIDE,49.1,8.8,0.464,0.412,0.296,0.695,0.206,-6.0,93.3,25.7,57.9,7.3,0.485,0.417,0.337,0.725,0.245,99.3,28.1,7.9,0.399,0.338,51.1,0.523,0.47,69.7,-11.39,9.8,-3.87,0.331,0.313,48.9,0.497,16.9,0.462,0.276,1415
43,CALIFORNIA-SANTA-BARBARA,54.3,6.8,0.423,0.377,0.29,0.634,0.184,-15.299999999999997,91.4,31.5,64.0,7.8,0.522,0.447,0.319,0.691,0.221,106.7,29.0,8.1,0.444,0.338,50.5,0.549,0.533,66.2,-13.49,7.9,-2.0,0.322,0.29,49.5,0.453,15.4,0.418,0.214,1364
44,CALIFORNIA,50.7,12.1,0.481,0.422,0.377,0.661,0.249,7.099999999999994,101.3,32.9,51.5,9.9,0.453,0.4,0.342,0.677,0.231,94.2,23.9,7.1,0.325,0.328,45.3,0.489,0.435,66.3,11.11,7.2,6.34,0.347,0.34,54.7,0.514,16.0,0.466,0.618,1143
45,CAMPBELL,47.5,11.3,0.53,0.456,0.361,0.751,0.272,1.9000000000000057,105.2,24.4,51.5,7.7,0.495,0.436,0.386,0.716,0.276,103.3,27.2,10.1,0.353,0.337,50.7,0.535,0.489,67.7,-9.68,9.7,-7.59,0.401,0.368,49.3,0.568,16.9,0.515,0.514,1144
46,CANISIUS,63.7,4.9,0.531,0.456,0.309,0.736,0.227,0.9000000000000057,108.9,30.2,48.6,9.1,0.545,0.487,0.338,0.733,0.247,108.0,32.2,7.8,0.338,0.343,51.7,0.576,0.56,71.4,-2.82,9.4,-3.5,0.403,0.371,48.3,0.562,15.8,0.514,0.529,1145
47,CENTRAL-ARKANSAS,55.6,7.4,0.498,0.438,0.36,0.718,0.258,-12.700000000000003,102.5,28.8,63.3,7.4,0.551,0.465,0.32,0.695,0.223,115.2,31.7,8.8,0.439,0.392,51.2,0.575,0.522,72.2,-13.04,7.6,-3.76,0.321,0.375,48.8,0.535,16.6,0.467,0.25,1146
48,CENTRAL-CONNECTICUT-STATE,50.5,6.9,0.467,0.421,0.333,0.62,0.207,-14.699999999999989,93.9,31.5,55.3,9.5,0.54,0.468,0.346,0.686,0.238,108.6,32.4,9.4,0.383,0.38,51.5,0.566,0.522,66.5,-17.51,8.5,-7.68,0.261,0.349,48.5,0.492,18.2,0.447,0.207,1148
49,CENTRAL-FLORIDA,48.5,11.1,0.504,0.435,0.399,0.661,0.264,8.900000000000006,101.0,32.6,60.9,9.0,0.427,0.365,0.223,0.707,0.158,92.1,25.5,9.7,0.401,0.313,44.4,0.458,0.399,66.2,9.58,6.0,3.69,0.394,0.352,55.6,0.535,18.9,0.489,0.667,1416
50,CENTRAL-MICHIGAN,39.7,6.6,0.516,0.424,0.354,0.791,0.28,0.7000000000000028,112.2,27.9,45.6,10.5,0.523,0.46,0.31,0.699,0.216,111.5,32.5,7.5,0.367,0.346,52.3,0.551,0.526,77.8,-5.76,7.2,-2.63,0.518,0.358,47.7,0.562,12.6,0.494,0.5,1141
51,CHARLESTON-SOUTHERN,41.4,8.4,0.502,0.441,0.344,0.666,0.229,-1.7999999999999972,105.3,29.0,54.0,9.4,0.53,0.461,0.405,0.737,0.299,107.1,26.1,7.1,0.384,0.359,49.9,0.57,0.524,69.7,-12.28,8.0,-6.21,0.358,0.341,50.1,0.53,14.1,0.497,0.387,1149
52,CHARLOTTE,45.1,7.3,0.509,0.444,0.341,0.746,0.254,-5.0,102.4,20.6,46.9,8.5,0.523,0.468,0.353,0.701,0.247,107.4,31.0,8.5,0.304,0.366,55.2,0.554,0.512,74.4,-5.24,8.5,-0.93,0.349,0.376,44.8,0.548,14.9,0.48,0.433,1150
53,CHATTANOOGA,47.1,12.4,0.533,0.466,0.394,0.71,0.28,8.600000000000009,109.2,31.1,48.8,10.1,0.497,0.445,0.363,0.756,0.274,100.6,32.2,9.2,0.304,0.342,50.9,0.541,0.489,68.1,1.1,11.4,-2.08,0.388,0.346,49.1,0.567,16.8,0.542,0.613,1151
54,CHICAGO-STATE,48.7,6.6,0.439,0.384,0.296,0.701,0.207,-18.39999999999999,91.4,26.8,64.9,10.0,0.546,0.465,0.355,0.706,0.251,109.8,30.2,8.5,0.447,0.362,53.2,0.574,0.549,70.3,-16.67,9.4,-0.19,0.354,0.311,46.8,0.476,16.7,0.424,0.188,1152
55,CINCINNATI,57.5,13.9,0.52,0.458,0.325,0.686,0.223,19.700000000000003,113.3,35.5,52.8,8.4,0.452,0.389,0.291,0.736,0.214,93.6,29.2,5.5,0.37,0.343,46.7,0.491,0.415,65.1,18.43,11.1,5.49,0.361,0.346,53.3,0.547,12.9,0.521,0.833,1153
56,CITADEL,57.2,5.9,0.5,0.416,0.34,0.757,0.258,-5.700000000000003,107.5,30.1,56.6,11.3,0.577,0.512,0.412,0.704,0.29,113.2,34.3,8.6,0.337,0.387,54.1,0.604,0.575,82.6,-12.86,11.1,-2.93,0.494,0.341,45.9,0.541,14.7,0.489,0.364,1154
57,CLEMSON,47.5,10.7,0.511,0.449,0.343,0.731,0.251,4.799999999999997,110.0,31.4,48.5,8.8,0.519,0.453,0.242,0.764,0.185,105.2,32.2,7.5,0.369,0.356,50.7,0.549,0.51,67.7,13.22,10.5,9.98,0.345,0.357,49.3,0.547,13.6,0.498,0.515,1155
58,CLEVELAND-STATE,43.9,8.7,0.465,0.405,0.294,0.691,0.203,-6.3999999999999915,96.2,29.0,60.1,9.3,0.52,0.458,0.406,0.684,0.278,102.6,32.1,7.2,0.36,0.35,53.0,0.553,0.518,68.8,-6.73,10.2,-1.53,0.386,0.309,47.0,0.497,16.2,0.466,0.29,1156
59,COASTAL-CAROLINA,45.7,8.7,0.488,0.423,0.298,0.658,0.196,-0.8999999999999915,101.7,31.1,52.3,9.0,0.496,0.417,0.32,0.707,0.226,102.6,26.1,8.3,0.468,0.336,48.0,0.529,0.489,71.0,-3.94,8.5,-1.48,0.399,0.33,52.0,0.514,15.6,0.484,0.513,1157
60,COLGATE,55.6,7.7,0.52,0.44,0.335,0.677,0.227,-5.900000000000006,99.0,25.1,53.6,10.4,0.524,0.452,0.381,0.692,0.264,104.9,25.4,11.0,0.388,0.375,50.3,0.556,0.5,66.4,-8.47,7.6,-3.6,0.432,0.37,49.7,0.547,19.3,0.493,0.313,1159
61,COLLEGE-OF-CHARLESTON,44.2,9.8,0.491,0.432,0.429,0.736,0.316,6.800000000000011,104.9,25.6,48.3,9.7,0.478,0.419,0.315,0.662,0.209,98.1,28.8,5.9,0.383,0.308,50.9,0.506,0.487,65.6,3.99,8.4,-0.19,0.36,0.328,49.1,0.539,14.0,0.49,0.714,1158
62,COLORADO-STATE,45.2,9.8,0.487,0.425,0.394,0.731,0.288,6.699999999999989,106.6,31.6,48.6,8.3,0.471,0.407,0.313,0.686,0.215,99.9,28.7,8.1,0.406,0.317,48.1,0.504,0.468,68.1,6.03,8.9,2.17,0.366,0.339,51.9,0.531,13.8,0.474,0.667,1161
63,COLORADO,53.4,11.9,0.508,0.446,0.386,0.704,0.272,4.799999999999997,108.7,32.7,49.5,10.3,0.502,0.432,0.335,0.707,0.237,103.9,28.0,8.1,0.381,0.367,47.9,0.535,0.472,69.0,9.12,7.3,6.0,0.36,0.348,52.1,0.544,14.8,0.5,0.559,1160
64,COLUMBIA,59.7,9.2,0.502,0.437,0.29,0.708,0.205,-1.2999999999999972,102.5,28.1,62.0,9.7,0.514,0.434,0.345,0.685,0.236,103.8,31.2,8.3,0.448,0.361,51.5,0.544,0.492,69.5,-5.67,10.0,-3.13,0.364,0.361,48.5,0.532,16.0,0.48,0.407,1162
65,CONNECTICUT,55.5,15.3,0.492,0.43,0.342,0.712,0.244,1.3999999999999915,102.1,29.9,53.3,7.9,0.459,0.393,0.316,0.703,0.222,100.7,30.1,9.2,0.398,0.334,49.1,0.496,0.432,65.4,7.23,6.7,6.61,0.347,0.355,50.9,0.528,16.0,0.47,0.485,1163
66,COPPIN-STATE,47.5,6.4,0.443,0.382,0.404,0.65,0.262,-17.700000000000003,93.1,28.4,52.8,9.6,0.539,0.47,0.402,0.697,0.281,110.8,32.9,8.2,0.394,0.35,53.7,0.57,0.548,70.5,-21.51,8.0,-8.01,0.384,0.318,46.3,0.482,16.7,0.422,0.25,1164
67,CORNELL,55.9,6.7,0.527,0.453,0.294,0.698,0.205,-7.900000000000006,99.8,22.5,50.2,10.9,0.517,0.456,0.314,0.737,0.232,107.7,26.8,10.6,0.342,0.354,51.3,0.55,0.509,71.3,-8.4,7.2,-1.55,0.437,0.339,48.7,0.553,18.3,0.542,0.276,1165
68,CREIGHTON,55.5,7.6,0.576,0.504,0.277,0.682,0.189,12.299999999999997,112.3,24.8,48.1,7.5,0.498,0.437,0.288,0.689,0.199,100.0,28.9,9.2,0.368,0.33,50.7,0.525,0.5,72.9,17.27,8.4,8.95,0.358,0.397,49.3,0.592,15.2,0.565,0.714,1166
69,DARTMOUTH,47.7,4.7,0.499,0.431,0.338,0.709,0.24,-11.199999999999989,97.9,27.6,43.8,14.1,0.532,0.47,0.307,0.709,0.218,109.1,26.9,9.9,0.357,0.351,49.5,0.56,0.536,68.2,-11.15,6.7,-3.45,0.386,0.352,50.5,0.534,19.1,0.481,0.259,1171
70,DAVIDSON,61.3,8.5,0.516,0.437,0.315,0.753,0.238,3.1000000000000085,105.4,25.1,51.5,10.8,0.497,0.432,0.334,0.69,0.23,102.3,26.9,9.6,0.337,0.381,50.4,0.528,0.458,69.5,6.45,7.3,4.26,0.46,0.341,49.6,0.552,15.4,0.519,0.531,1172
71,DAYTON,61.0,11.9,0.538,0.465,0.436,0.69,0.301,13.600000000000009,108.9,25.8,55.3,10.6,0.477,0.413,0.349,0.707,0.247,95.3,27.6,6.2,0.394,0.325,50.3,0.515,0.47,69.4,12.98,11.2,4.27,0.381,0.385,49.7,0.571,15.0,0.515,0.75,1173
72,DELAWARE-STATE,54.9,8.5,0.49,0.419,0.292,0.659,0.192,-9.700000000000003,98.6,29.3,59.8,9.2,0.521,0.446,0.377,0.723,0.273,108.3,35.6,9.3,0.427,0.35,53.8,0.557,0.517,68.4,-18.81,8.0,-9.37,0.39,0.362,46.2,0.515,17.0,0.456,0.313,1175
73,DELAWARE,49.7,9.7,0.475,0.422,0.326,0.686,0.224,-10.299999999999997,98.4,27.5,59.4,9.9,0.523,0.446,0.39,0.668,0.261,108.7,26.8,8.6,0.423,0.363,49.9,0.551,0.507,66.1,-9.97,8.0,-1.42,0.35,0.305,50.1,0.508,15.7,0.485,0.394,1174
74,DENVER,55.7,6.1,0.548,0.482,0.346,0.734,0.254,1.7000000000000028,109.0,28.8,46.2,8.9,0.514,0.445,0.391,0.739,0.289,107.3,24.7,9.9,0.388,0.358,46.9,0.555,0.5,69.0,-2.99,7.2,-4.19,0.33,0.402,53.1,0.58,17.1,0.521,0.533,1176
75,DEPAUL,47.2,8.8,0.481,0.43,0.356,0.735,0.262,-8.299999999999997,99.5,29.9,60.7,8.5,0.538,0.466,0.402,0.73,0.293,107.8,30.0,9.2,0.402,0.361,51.0,0.575,0.536,69.0,2.09,9.6,7.78,0.313,0.326,49.0,0.523,17.6,0.477,0.281,1177
76,DETROIT-MERCY,48.0,6.9,0.512,0.445,0.384,0.664,0.255,-10.399999999999991,102.4,27.6,51.0,10.2,0.57,0.5,0.477,0.692,0.33,112.8,31.1,8.6,0.371,0.38,52.9,0.599,0.57,74.3,-10.72,8.7,-1.62,0.362,0.372,47.1,0.541,17.0,0.486,0.258,1178
77,DRAKE,53.2,6.4,0.482,0.409,0.298,0.756,0.225,-8.299999999999997,100.5,26.9,49.7,12.0,0.53,0.461,0.306,0.695,0.212,108.8,30.8,9.6,0.374,0.369,52.5,0.556,0.516,70.0,-4.71,8.6,1.91,0.421,0.345,47.5,0.521,15.5,0.456,0.226,1179
78,DREXEL,54.3,8.1,0.5,0.435,0.311,0.666,0.207,-4.799999999999997,103.3,30.9,51.0,9.0,0.526,0.462,0.389,0.69,0.269,108.1,29.9,8.9,0.36,0.357,50.2,0.557,0.521,71.4,-7.43,8.1,-2.56,0.373,0.345,49.8,0.526,15.7,0.489,0.281,1180
79,DUKE,47.5,10.9,0.548,0.475,0.393,0.762,0.299,15.200000000000003,115.7,31.6,46.6,6.7,0.475,0.432,0.312,0.71,0.222,100.5,29.6,6.8,0.288,0.293,48.1,0.51,0.489,69.9,21.56,8.7,10.91,0.383,0.378,51.9,0.588,14.2,0.536,0.757,1181
80,DUQUESNE,51.1,10.0,0.489,0.428,0.371,0.676,0.251,-5.299999999999997,99.3,29.0,60.5,13.1,0.499,0.438,0.333,0.707,0.235,104.6,30.2,8.3,0.343,0.359,50.6,0.533,0.479,71.0,-3.06,6.9,0.69,0.369,0.334,49.4,0.523,17.4,0.483,0.313,1182
81,EAST-CAROLINA,55.0,13.2,0.458,0.398,0.375,0.657,0.246,-2.700000000000003,94.8,30.7,53.2,9.7,0.447,0.392,0.272,0.725,0.197,97.5,31.0,9.8,0.34,0.325,49.6,0.483,0.426,66.8,-0.49,7.6,1.33,0.372,0.32,50.4,0.493,17.8,0.445,0.455,1187
82,EAST-TENNESSEE-STATE,53.8,13.6,0.555,0.488,0.432,0.702,0.304,13.600000000000009,110.2,31.3,47.3,9.9,0.487,0.417,0.372,0.722,0.268,96.6,27.2,9.6,0.394,0.354,46.9,0.528,0.458,71.4,7.31,11.6,-2.11,0.352,0.382,53.1,0.587,18.0,0.546,0.771,1190
83,EASTERN-ILLINOIS,57.5,10.7,0.487,0.417,0.271,0.731,0.198,4.099999999999994,103.0,30.4,51.9,8.0,0.49,0.431,0.385,0.701,0.27,98.9,31.0,8.1,0.334,0.354,51.0,0.528,0.469,70.5,-5.35,9.4,-5.05,0.376,0.372,49.0,0.519,15.0,0.444,0.483,1183
84,EASTERN-KENTUCKY,56.3,10.0,0.495,0.428,0.374,0.705,0.264,-6.099999999999994,99.7,26.2,55.7,9.3,0.507,0.444,0.415,0.73,0.303,105.8,32.2,10.3,0.362,0.349,53.2,0.55,0.497,69.7,-8.65,8.4,-2.44,0.419,0.321,46.8,0.533,17.3,0.506,0.387,1184
85,EASTERN-MICHIGAN,48.3,13.1,0.5,0.449,0.35,0.725,0.254,6.700000000000003,108.4,34.3,64.5,6.0,0.488,0.422,0.475,0.717,0.341,101.7,34.0,9.1,0.399,0.332,50.1,0.537,0.482,71.2,-0.18,13.4,0.16,0.301,0.343,49.9,0.538,14.3,0.494,0.485,1185
86,EASTERN-WASHINGTON,44.5,12.5,0.551,0.479,0.342,0.77,0.263,4.300000000000011,112.4,27.6,51.7,7.4,0.508,0.442,0.361,0.719,0.259,108.1,27.9,9.1,0.36,0.371,49.1,0.545,0.482,68.0,-2.77,6.6,-4.43,0.375,0.379,50.9,0.587,15.3,0.54,0.647,1186
87,ELON,54.8,6.1,0.525,0.445,0.302,0.685,0.207,4.8999999999999915,106.1,25.0,42.1,9.6,0.483,0.42,0.263,0.704,0.186,101.2,26.3,8.4,0.395,0.319,49.8,0.512,0.486,69.2,0.24,7.3,-1.39,0.454,0.355,50.2,0.55,14.6,0.52,0.563,1189
88,EVANSVILLE,55.3,9.1,0.49,0.454,0.447,0.713,0.318,1.2000000000000028,102.3,27.2,55.4,11.0,0.488,0.421,0.396,0.706,0.279,101.1,27.2,8.1,0.397,0.339,49.4,0.529,0.475,67.0,1.45,7.7,2.42,0.197,0.366,50.6,0.536,15.4,0.476,0.485,1191
89,FAIRFIELD,56.4,7.3,0.513,0.442,0.272,0.682,0.186,-1.2000000000000028,100.5,24.4,47.2,7.1,0.495,0.439,0.32,0.677,0.216,101.7,28.1,8.9,0.335,0.331,51.5,0.523,0.494,71.7,-4.75,7.4,-3.85,0.421,0.335,48.5,0.536,16.5,0.52,0.516,1193
90,FAIRLEIGH-DICKINSON,48.5,7.0,0.499,0.44,0.362,0.765,0.277,-3.200000000000003,103.2,27.8,56.8,6.9,0.511,0.451,0.431,0.695,0.299,106.4,33.3,8.7,0.347,0.342,52.7,0.548,0.509,70.2,-9.28,8.9,-5.31,0.354,0.332,47.3,0.544,16.5,0.5,0.367,1192
91,FLORIDA-AM,49.7,9.1,0.475,0.423,0.373,0.659,0.246,-9.700000000000003,97.7,25.8,51.7,6.6,0.529,0.456,0.341,0.676,0.231,107.4,33.4,9.2,0.407,0.362,54.3,0.555,0.52,72.2,-20.88,8.9,-11.85,0.299,0.348,45.7,0.508,16.1,0.456,0.233,1197
92,FLORIDA-ATLANTIC,48.8,7.4,0.467,0.411,0.304,0.703,0.213,-5.299999999999997,98.9,27.0,42.4,7.7,0.504,0.451,0.352,0.696,0.245,104.2,30.6,8.3,0.292,0.365,52.7,0.537,0.486,70.2,-7.95,8.0,-1.98,0.348,0.319,47.3,0.501,14.2,0.46,0.333,1194
93,FLORIDA-GULF-COAST,52.3,9.7,0.554,0.499,0.329,0.702,0.231,14.5,113.8,33.9,49.6,7.1,0.484,0.425,0.349,0.68,0.238,99.3,28.1,8.8,0.388,0.306,46.1,0.517,0.5,69.3,2.26,8.7,-3.42,0.315,0.347,53.9,0.579,15.3,0.569,0.765,1195
94,FLORIDA-INTERNATIONAL,43.0,5.9,0.505,0.454,0.291,0.75,0.218,-4.900000000000006,103.1,30.5,52.7,9.8,0.527,0.465,0.357,0.726,0.259,108.0,27.8,9.7,0.348,0.354,48.8,0.561,0.525,66.5,-8.1,8.8,-3.27,0.307,0.332,51.2,0.54,17.0,0.508,0.226,1198
95,FLORIDA-STATE,49.3,13.7,0.537,0.483,0.384,0.689,0.265,13.799999999999997,113.1,33.6,49.5,7.1,0.479,0.416,0.373,0.715,0.267,99.3,29.5,6.9,0.361,0.349,47.3,0.52,0.454,72.6,18.87,10.2,8.87,0.313,0.347,52.7,0.566,14.1,0.544,0.743,1199
96,FLORIDA,47.2,11.8,0.516,0.45,0.402,0.729,0.293,16.099999999999994,110.0,31.8,40.9,7.5,0.458,0.41,0.341,0.706,0.241,93.9,29.1,7.8,0.314,0.305,48.7,0.498,0.458,70.1,22.4,10.7,11.01,0.366,0.358,51.3,0.556,14.6,0.503,0.75,1196
97,FORDHAM,57.9,9.3,0.49,0.416,0.266,0.726,0.193,-3.6000000000000085,96.3,23.4,65.7,11.4,0.531,0.462,0.428,0.715,0.306,99.9,31.0,9.6,0.384,0.359,55.7,0.568,0.526,66.8,-1.97,14.5,1.36,0.444,0.334,44.3,0.52,17.2,0.481,0.406,1200
98,FRESNO-STATE,48.6,11.3,0.511,0.455,0.408,0.672,0.274,4.700000000000003,102.5,27.5,53.6,8.0,0.479,0.416,0.446,0.71,0.316,97.8,27.0,8.3,0.381,0.332,49.4,0.526,0.467,70.1,4.37,11.7,2.31,0.317,0.352,50.6,0.543,16.6,0.503,0.606,1201
99,FURMAN,57.1,7.3,0.555,0.473,0.321,0.697,0.224,11.5,109.1,28.0,51.5,7.2,0.488,0.424,0.336,0.7,0.235,97.6,26.0,8.8,0.41,0.312,48.3,0.522,0.502,67.4,1.46,10.3,-3.75,0.427,0.385,51.7,0.579,16.8,0.538,0.657,1202
100,GARDNER-WEBB,53.2,9.7,0.534,0.479,0.43,0.624,0.268,9.5,106.1,31.9,56.9,8.9,0.479,0.418,0.397,0.689,0.273,96.6,27.3,9.0,0.355,0.343,47.2,0.518,0.458,71.4,-3.08,12.1,-5.71,0.29,0.379,52.8,0.555,17.1,0.52,0.576,1205
101,GEORGE-MASON,45.3,7.2,0.494,0.448,0.395,0.747,0.295,3.4000000000000057,105.2,32.0,51.9,9.7,0.485,0.425,0.281,0.697,0.196,101.8,24.0,8.6,0.366,0.33,45.0,0.514,0.48,69.2,3.01,7.1,1.28,0.276,0.336,55.0,0.541,15.9,0.491,0.588,1206
102,GEORGE-WASHINGTON,56.8,9.9,0.495,0.424,0.366,0.745,0.273,0.3999999999999915,104.3,32.5,56.1,9.5,0.502,0.445,0.269,0.727,0.195,103.9,26.1,10.4,0.324,0.354,47.0,0.532,0.489,67.0,2.37,8.2,2.11,0.383,0.371,53.0,0.538,16.6,0.456,0.571,1203
103,GEORGETOWN,59.4,11.5,0.52,0.461,0.426,0.733,0.312,2.700000000000003,104.7,28.9,50.0,9.5,0.474,0.422,0.388,0.699,0.272,102.0,30.3,9.8,0.324,0.324,49.4,0.515,0.468,70.2,11.18,7.7,9.31,0.337,0.349,50.6,0.562,17.7,0.518,0.438,1207
104,GEORGIA-SOUTHERN,40.7,8.8,0.52,0.441,0.4,0.664,0.266,3.1000000000000085,106.7,26.0,51.7,10.0,0.503,0.434,0.34,0.667,0.227,103.6,32.4,6.8,0.411,0.339,53.2,0.531,0.5,70.5,-3.63,9.6,-2.83,0.438,0.362,46.8,0.549,14.6,0.502,0.545,1204
105,GEORGIA-STATE,45.1,14.0,0.534,0.469,0.349,0.647,0.226,5.599999999999994,104.8,30.4,58.0,7.5,0.485,0.411,0.398,0.711,0.283,99.2,28.6,8.7,0.459,0.324,48.4,0.527,0.485,70.3,-0.33,10.1,-2.17,0.365,0.357,51.6,0.555,17.4,0.533,0.606,1209
106,GEORGIA-TECH,62.6,15.7,0.479,0.438,0.356,0.682,0.243,0.9000000000000057,97.0,28.0,55.2,9.3,0.459,0.398,0.273,0.701,0.191,96.1,30.6,9.8,0.369,0.33,50.2,0.491,0.437,69.3,7.82,9.5,8.21,0.248,0.331,49.8,0.513,16.9,0.473,0.568,1210
107,GEORGIA,51.3,9.8,0.485,0.439,0.408,0.757,0.309,1.7999999999999972,102.0,28.7,47.2,8.7,0.472,0.411,0.342,0.698,0.239,100.2,28.2,9.1,0.363,0.335,48.5,0.509,0.454,69.7,11.13,7.6,10.28,0.283,0.325,51.5,0.536,16.3,0.484,0.559,1208
108,GONZAGA,51.8,11.2,0.567,0.504,0.39,0.717,0.28,29.700000000000003,116.4,29.8,43.2,7.8,0.411,0.365,0.269,0.658,0.177,86.7,25.8,7.6,0.321,0.289,45.3,0.443,0.4,70.9,25.26,9.6,4.13,0.329,0.382,54.7,0.596,14.2,0.564,0.949,1211
109,GRAMBLING,43.8,6.9,0.48,0.433,0.384,0.663,0.255,-2.200000000000003,101.0,31.6,55.4,8.4,0.543,0.474,0.418,0.678,0.283,103.2,33.6,8.5,0.375,0.371,52.4,0.571,0.535,69.8,-17.29,12.5,-11.89,0.299,0.317,47.6,0.514,16.4,0.482,0.485,1212
110,GRAND-CANYON,53.5,6.7,0.493,0.436,0.412,0.665,0.274,8.099999999999994,102.6,29.1,49.5,8.3,0.478,0.42,0.301,0.697,0.21,94.5,27.0,9.2,0.35,0.326,49.1,0.51,0.471,71.2,-0.16,10.5,-4.22,0.342,0.331,50.9,0.527,15.5,0.49,0.71,1213
111,GREEN-BAY,48.8,10.6,0.491,0.443,0.382,0.689,0.263,3.5,103.2,30.2,51.0,6.8,0.501,0.432,0.323,0.666,0.215,99.7,28.0,7.9,0.383,0.36,48.8,0.528,0.477,76.8,-2.77,9.9,-2.83,0.297,0.322,51.2,0.527,15.5,0.494,0.563,1453
112,HAMPTON,48.5,10.1,0.46,0.407,0.343,0.712,0.245,-3.1000000000000085,97.1,31.7,44.3,8.1,0.498,0.434,0.424,0.679,0.288,100.2,28.7,7.9,0.352,0.36,49.3,0.534,0.475,70.9,-13.23,6.9,-9.92,0.336,0.316,50.7,0.501,16.9,0.453,0.452,1214
113,HARTFORD,50.3,9.2,0.475,0.402,0.326,0.699,0.228,-14.5,94.3,24.8,58.5,11.1,0.52,0.454,0.349,0.696,0.243,108.8,34.3,9.1,0.334,0.389,55.0,0.55,0.487,70.0,-15.85,10.1,-5.56,0.428,0.338,45.0,0.51,18.1,0.45,0.281,1216
114,HARVARD,57.7,13.3,0.52,0.447,0.331,0.743,0.246,9.0,106.5,29.2,53.8,7.7,0.467,0.412,0.387,0.681,0.264,97.5,28.6,9.8,0.349,0.313,48.9,0.505,0.465,67.5,2.3,9.3,-2.24,0.412,0.355,51.1,0.556,16.6,0.511,0.643,1217
115,HAWAII,59.9,5.3,0.488,0.423,0.366,0.715,0.262,-0.29999999999999716,98.9,28.3,44.4,9.1,0.505,0.449,0.384,0.667,0.256,99.2,28.7,10.0,0.33,0.339,50.9,0.535,0.503,68.3,-6.19,7.3,-4.92,0.399,0.325,49.1,0.527,17.6,0.488,0.467,1218
116,HIGH-POINT,53.1,9.4,0.49,0.432,0.376,0.744,0.279,-0.09999999999999432,101.4,29.0,52.9,10.0,0.514,0.44,0.322,0.678,0.218,101.5,26.7,9.9,0.408,0.363,48.8,0.54,0.492,66.8,-9.06,8.7,-6.28,0.307,0.377,51.2,0.535,16.9,0.457,0.484,1219
117,HOFSTRA,49.5,6.3,0.52,0.443,0.375,0.684,0.257,0.8999999999999915,111.1,31.1,52.1,8.3,0.524,0.462,0.285,0.724,0.207,110.2,29.1,7.3,0.338,0.366,49.7,0.553,0.512,69.0,-2.35,6.4,-1.9,0.415,0.367,50.3,0.55,13.2,0.497,0.469,1220
118,HOLY-CROSS,64.3,9.2,0.503,0.427,0.344,0.693,0.238,-2.8999999999999915,97.7,19.4,65.1,10.7,0.533,0.453,0.304,0.713,0.217,100.6,32.3,7.7,0.467,0.343,57.2,0.56,0.549,61.5,-5.26,15.3,-3.51,0.441,0.345,42.8,0.535,16.3,0.493,0.469,1221
119,HOUSTON-BAPTIST,52.5,7.0,0.503,0.453,0.375,0.699,0.262,1.9000000000000057,108.0,36.9,52.4,7.9,0.523,0.459,0.363,0.737,0.267,106.1,27.1,9.5,0.362,0.357,45.9,0.56,0.516,72.9,-7.3,8.6,-4.44,0.298,0.34,54.1,0.539,15.3,0.501,0.548,1223
120,HOUSTON,47.8,10.7,0.517,0.447,0.286,0.717,0.205,13.299999999999997,111.6,31.9,51.4,8.0,0.472,0.408,0.369,0.722,0.266,98.3,30.6,7.2,0.386,0.329,49.5,0.515,0.458,65.8,12.2,8.0,3.42,0.358,0.394,50.5,0.546,12.7,0.477,0.656,1222
121,HOWARD,42.5,10.1,0.436,0.39,0.449,0.657,0.295,-11.599999999999994,93.0,32.5,57.9,8.4,0.492,0.426,0.36,0.696,0.251,104.6,33.3,10.1,0.368,0.355,50.6,0.526,0.468,68.4,-16.97,7.7,-7.97,0.318,0.291,49.4,0.48,18.2,0.436,0.294,1224
122,IDAHO-STATE,42.6,6.7,0.504,0.434,0.379,0.684,0.259,-14.700000000000003,98.6,21.3,51.6,9.7,0.56,0.481,0.334,0.72,0.24,113.3,31.6,9.4,0.4,0.396,55.6,0.587,0.538,70.2,-15.1,10.2,-3.37,0.386,0.359,44.4,0.537,16.6,0.482,0.161,1226
123,IDAHO,52.2,7.9,0.501,0.433,0.399,0.723,0.288,2.799999999999997,105.2,30.9,52.7,8.8,0.492,0.415,0.422,0.741,0.313,102.4,25.0,7.8,0.435,0.35,47.4,0.54,0.466,67.9,-5.34,7.2,-5.89,0.371,0.367,52.6,0.542,15.9,0.471,0.576,1225
124,ILLINOIS-CHICAGO,55.8,11.1,0.509,0.444,0.399,0.711,0.283,-0.09999999999999432,102.2,32.2,51.5,10.2,0.475,0.422,0.317,0.732,0.232,102.3,29.7,10.1,0.295,0.357,47.9,0.514,0.45,74.0,-5.95,7.3,-3.63,0.353,0.365,52.1,0.547,19.0,0.488,0.472,1227
125,ILLINOIS-STATE,55.8,14.4,0.513,0.439,0.301,0.664,0.2,11.699999999999989,104.6,30.6,52.8,7.7,0.443,0.379,0.324,0.692,0.224,92.9,28.5,8.8,0.388,0.328,48.3,0.481,0.411,65.8,10.3,10.8,2.71,0.404,0.369,51.7,0.536,15.9,0.486,0.8,1229
126,ILLINOIS,52.6,6.5,0.512,0.445,0.318,0.687,0.219,3.799999999999997,103.7,28.7,45.6,7.5,0.495,0.434,0.298,0.727,0.217,99.9,26.2,7.7,0.367,0.334,48.8,0.529,0.492,68.9,10.54,8.1,9.25,0.362,0.369,51.2,0.539,15.7,0.488,0.571,1228
127,INCARNATE-WORD,49.2,10.4,0.527,0.455,0.452,0.694,0.314,-5.1000000000000085,103.6,22.6,47.4,10.5,0.507,0.461,0.38,0.727,0.276,108.7,32.2,9.4,0.271,0.339,54.3,0.546,0.506,73.3,-12.14,7.9,-5.62,0.372,0.388,45.7,0.563,16.6,0.495,0.414,1230
128,INDIANA-STATE,54.7,10.1,0.485,0.416,0.314,0.681,0.214,-3.799999999999997,97.2,22.2,48.7,11.7,0.477,0.419,0.424,0.692,0.293,101.0,28.8,7.7,0.31,0.373,53.3,0.519,0.44,70.1,-1.02,9.1,3.18,0.397,0.349,46.7,0.515,15.8,0.46,0.355,1232
129,INDIANA,50.9,11.8,0.552,0.479,0.341,0.729,0.249,9.200000000000003,112.3,36.3,47.3,11.1,0.487,0.429,0.368,0.705,0.259,103.1,28.0,8.9,0.342,0.337,44.9,0.525,0.477,69.5,14.63,8.7,8.16,0.387,0.38,55.1,0.582,18.2,0.541,0.529,1231
130,IONA,55.3,7.7,0.534,0.454,0.31,0.768,0.238,4.900000000000006,110.0,27.0,53.0,7.8,0.5,0.436,0.334,0.695,0.232,105.1,32.0,6.6,0.355,0.361,51.8,0.532,0.477,72.3,1.08,9.3,-2.47,0.4,0.397,48.2,0.569,14.6,0.493,0.629,1233
131,IOWA-STATE,53.6,8.9,0.55,0.472,0.276,0.7,0.194,11.900000000000006,112.5,25.6,51.9,9.1,0.49,0.428,0.256,0.704,0.18,100.6,31.6,6.6,0.359,0.346,52.3,0.518,0.475,70.6,20.51,10.8,11.94,0.393,0.4,47.7,0.572,12.6,0.518,0.686,1235
132,IOWA,62.4,9.4,0.525,0.455,0.349,0.688,0.24,3.299999999999997,107.8,31.8,60.1,8.8,0.51,0.445,0.275,0.685,0.188,104.5,32.2,10.4,0.368,0.358,49.9,0.535,0.495,72.8,10.01,9.9,7.54,0.373,0.379,50.1,0.554,16.0,0.499,0.559,1234
133,IPFW,54.6,11.0,0.579,0.496,0.264,0.725,0.191,10.599999999999994,114.0,29.1,54.4,6.6,0.524,0.443,0.313,0.747,0.234,103.4,23.3,8.3,0.42,0.383,46.7,0.558,0.487,75.1,0.38,10.1,-3.19,0.412,0.402,53.3,0.599,15.8,0.562,0.606,1236
134,IUPUI,51.5,7.3,0.525,0.451,0.334,0.683,0.228,-0.7000000000000028,107.7,29.5,49.9,10.6,0.534,0.472,0.414,0.756,0.313,108.4,28.1,8.0,0.344,0.361,50.6,0.577,0.53,72.0,-4.29,9.3,-1.62,0.38,0.388,49.4,0.551,15.0,0.49,0.438,1237
135,JACKSON-STATE,48.9,8.0,0.443,0.385,0.333,0.674,0.224,-3.5999999999999943,97.2,34.3,53.9,8.6,0.493,0.434,0.488,0.719,0.351,100.8,27.7,7.6,0.353,0.333,48.5,0.543,0.49,65.9,-15.42,9.3,-11.55,0.392,0.297,51.5,0.48,15.3,0.442,0.438,1238
136,JACKSONVILLE-STATE,57.5,10.8,0.528,0.459,0.346,0.714,0.247,2.4000000000000057,105.7,31.5,49.0,9.0,0.486,0.417,0.339,0.721,0.245,103.3,27.8,9.1,0.366,0.374,47.3,0.524,0.442,65.3,-2.85,6.8,-3.24,0.367,0.377,52.7,0.559,18.0,0.506,0.571,1240
137,JACKSONVILLE,50.7,5.7,0.553,0.466,0.342,0.736,0.251,3.3999999999999915,109.6,27.3,51.2,9.2,0.551,0.475,0.349,0.667,0.233,106.2,27.5,8.0,0.404,0.375,50.5,0.572,0.543,70.4,-10.21,11.4,-8.45,0.431,0.403,49.5,0.584,16.2,0.514,0.515,1239
138,JAMES-MADISON,50.0,8.8,0.504,0.444,0.359,0.717,0.257,-4.700000000000003,100.0,29.2,53.9,8.0,0.513,0.439,0.384,0.717,0.276,104.7,25.0,9.2,0.428,0.346,47.5,0.55,0.508,65.8,-5.64,8.8,-1.83,0.363,0.331,52.5,0.541,18.7,0.509,0.303,1241
139,KANSAS-STATE,60.0,10.3,0.527,0.461,0.412,0.694,0.286,6.400000000000006,106.4,29.5,55.5,9.5,0.496,0.431,0.334,0.729,0.244,100.0,32.3,9.3,0.34,0.382,50.8,0.533,0.455,67.5,14.8,11.4,10.48,0.363,0.362,49.2,0.56,16.8,0.518,0.6,1243
140,KANSAS,54.5,11.2,0.561,0.488,0.36,0.678,0.244,15.700000000000003,115.4,33.9,49.9,9.4,0.481,0.42,0.3,0.715,0.215,99.7,29.4,9.4,0.342,0.356,47.0,0.515,0.453,71.4,23.53,9.6,12.23,0.359,0.404,53.0,0.583,15.1,0.536,0.861,1242
141,KENNESAW-STATE,56.8,7.4,0.515,0.462,0.308,0.691,0.213,-2.4000000000000057,105.0,31.3,44.1,6.8,0.53,0.472,0.367,0.676,0.248,107.4,28.6,9.3,0.314,0.373,49.0,0.557,0.517,71.5,-8.44,7.1,-5.97,0.256,0.416,51.0,0.542,16.3,0.477,0.438,1244
142,KENT-STATE,45.5,9.7,0.484,0.428,0.328,0.719,0.236,5.599999999999994,107.0,38.7,51.9,5.7,0.497,0.435,0.333,0.703,0.234,101.4,29.6,8.3,0.356,0.348,46.0,0.53,0.483,70.7,0.88,8.9,-1.63,0.349,0.32,54.0,0.521,14.9,0.486,0.611,1245
143,KENTUCKY,51.6,13.0,0.529,0.473,0.409,0.704,0.288,18.0,113.8,33.2,44.0,7.7,0.475,0.424,0.335,0.676,0.227,95.8,27.1,6.4,0.333,0.306,46.8,0.507,0.483,74.3,23.88,8.1,10.49,0.316,0.353,53.2,0.564,13.4,0.529,0.842,1246
144,LA-SALLE,55.8,6.0,0.533,0.457,0.383,0.766,0.294,-1.5,107.4,25.6,55.6,9.0,0.543,0.467,0.331,0.724,0.239,108.9,27.6,8.8,0.384,0.394,50.6,0.573,0.513,69.1,1.91,9.1,2.94,0.42,0.364,49.4,0.575,16.6,0.524,0.5,1247
145,LAFAYETTE,53.1,8.5,0.497,0.43,0.297,0.711,0.211,-13.599999999999994,94.2,20.0,55.5,6.5,0.54,0.457,0.311,0.685,0.213,107.8,28.6,10.8,0.437,0.379,53.9,0.563,0.518,70.3,-14.68,7.0,-3.5,0.4,0.334,46.1,0.528,18.8,0.494,0.3,1248
146,LAMAR,53.0,7.5,0.526,0.459,0.411,0.669,0.275,7.799999999999997,108.0,31.9,53.0,12.4,0.512,0.461,0.415,0.705,0.292,100.2,29.2,8.2,0.314,0.322,49.4,0.55,0.524,70.7,-7.36,11.2,-7.93,0.37,0.362,50.6,0.555,16.1,0.516,0.559,1249
147,LEHIGH,54.5,8.5,0.555,0.479,0.324,0.772,0.251,7.5,106.7,23.4,52.8,7.5,0.501,0.434,0.276,0.732,0.202,99.2,23.7,9.0,0.382,0.347,48.3,0.532,0.488,70.4,1.54,9.4,-3.3,0.385,0.392,51.7,0.589,17.9,0.534,0.625,1250
148,LIBERTY,58.2,6.6,0.525,0.436,0.342,0.742,0.254,4.900000000000006,102.5,15.7,51.2,9.3,0.504,0.434,0.41,0.721,0.296,97.6,23.6,6.9,0.422,0.335,54.4,0.546,0.506,64.3,-5.51,10.1,-6.16,0.497,0.359,45.6,0.561,14.9,0.512,0.6,1251
149,LIPSCOMB,63.8,8.2,0.561,0.475,0.41,0.723,0.296,9.700000000000003,111.4,29.6,49.5,10.1,0.505,0.443,0.421,0.694,0.292,101.7,29.3,8.9,0.355,0.348,49.1,0.543,0.496,76.0,-1.55,8.7,-4.45,0.469,0.366,50.9,0.593,17.5,0.57,0.606,1252
150,LONG-BEACH-STATE,49.9,6.9,0.493,0.44,0.369,0.724,0.267,-4.799999999999997,102.9,31.7,50.2,9.9,0.528,0.463,0.369,0.701,0.259,107.7,32.0,9.4,0.343,0.378,50.5,0.559,0.508,71.5,-5.98,8.0,-0.6,0.303,0.351,49.5,0.533,16.9,0.479,0.441,1253
151,LONG-ISLAND-UNIVERSITY,43.6,9.2,0.485,0.435,0.385,0.687,0.264,2.799999999999997,102.8,36.8,50.7,9.5,0.488,0.427,0.367,0.704,0.258,100.0,28.7,8.9,0.352,0.351,46.0,0.526,0.468,68.5,-7.8,8.4,-8.51,0.289,0.345,54.0,0.522,17.4,0.472,0.625,1254
152,LONGWOOD,43.9,10.3,0.501,0.445,0.293,0.731,0.214,-18.299999999999997,94.7,21.8,48.3,6.7,0.545,0.477,0.322,0.697,0.224,113.0,33.9,11.2,0.343,0.396,55.3,0.57,0.519,71.0,-21.23,8.2,-6.16,0.342,0.327,44.7,0.533,19.4,0.505,0.2,1255
153,LOUISIANA-LAFAYETTE,50.3,7.1,0.524,0.467,0.415,0.695,0.288,7.700000000000003,111.4,36.7,45.4,8.1,0.533,0.473,0.359,0.697,0.25,103.7,26.9,8.3,0.334,0.36,45.8,0.562,0.53,73.3,-0.64,9.6,-3.28,0.333,0.343,54.2,0.559,15.4,0.529,0.636,1418
154,LOUISIANA-MONROE,54.4,6.0,0.487,0.425,0.26,0.669,0.174,-4.5,98.6,29.7,52.2,10.6,0.497,0.434,0.337,0.676,0.228,103.1,28.7,9.0,0.357,0.356,49.6,0.527,0.477,66.1,-7.88,6.9,-2.56,0.372,0.332,50.4,0.511,16.7,0.48,0.273,1419
155,LOUISIANA-STATE,46.5,9.4,0.502,0.451,0.316,0.696,0.22,-11.200000000000003,102.2,30.9,53.1,8.6,0.545,0.472,0.368,0.718,0.264,113.4,31.5,9.5,0.381,0.383,50.6,0.577,0.528,73.2,0.53,8.2,8.69,0.309,0.336,49.4,0.532,17.2,0.502,0.323,1261
156,LOUISIANA-TECH,59.6,13.7,0.533,0.467,0.345,0.709,0.245,15.099999999999994,109.1,29.1,56.3,8.3,0.473,0.414,0.264,0.683,0.181,94.0,25.7,8.1,0.343,0.343,47.6,0.501,0.452,70.8,5.2,9.5,-4.35,0.364,0.361,52.4,0.563,15.2,0.527,0.697,1256
157,LOUISVILLE,48.4,15.2,0.514,0.457,0.34,0.686,0.233,16.400000000000006,112.0,36.6,48.3,8.3,0.457,0.401,0.388,0.695,0.269,95.6,28.2,7.2,0.356,0.316,45.9,0.5,0.448,68.5,22.47,9.7,11.15,0.321,0.355,54.1,0.543,13.4,0.505,0.735,1257
158,LOYOLA-IL,55.6,6.7,0.56,0.486,0.31,0.709,0.219,9.700000000000003,108.0,22.1,49.0,9.6,0.508,0.446,0.323,0.709,0.229,98.3,25.2,8.0,0.339,0.364,50.8,0.54,0.489,66.9,5.15,10.0,1.02,0.379,0.389,49.2,0.584,15.8,0.545,0.563,1260
159,LOYOLA-MARYMOUNT,57.0,11.6,0.506,0.444,0.311,0.62,0.193,-0.5999999999999943,101.7,30.7,60.3,9.1,0.511,0.449,0.43,0.715,0.308,102.3,29.9,8.9,0.355,0.347,50.5,0.552,0.505,69.0,-0.47,11.0,1.6,0.35,0.353,49.5,0.525,16.4,0.493,0.5,1258
160,LOYOLA-MD,51.1,9.6,0.47,0.42,0.397,0.692,0.275,-3.299999999999997,97.3,33.1,51.6,11.3,0.517,0.463,0.351,0.718,0.252,100.6,28.3,10.5,0.328,0.329,48.7,0.551,0.529,67.2,-6.32,10.7,-3.6,0.3,0.329,51.3,0.511,18.9,0.46,0.485,1259
161,MAINE,50.5,5.2,0.46,0.403,0.301,0.654,0.197,-14.900000000000006,93.5,26.9,52.0,9.4,0.524,0.461,0.33,0.721,0.238,108.4,28.0,9.6,0.347,0.361,51.5,0.556,0.515,69.2,-16.33,7.5,-4.01,0.359,0.319,48.5,0.489,16.5,0.45,0.219,1263
162,MANHATTAN,46.4,8.7,0.474,0.416,0.41,0.729,0.299,-9.599999999999994,96.5,30.8,60.2,10.6,0.516,0.453,0.534,0.712,0.38,106.1,30.2,8.9,0.325,0.392,50.2,0.563,0.481,71.8,-9.67,9.6,-2.61,0.351,0.329,49.8,0.521,19.7,0.463,0.313,1264
163,MARIST,47.0,6.7,0.499,0.429,0.379,0.725,0.275,-13.799999999999997,99.8,21.6,53.9,9.8,0.526,0.46,0.37,0.738,0.273,113.6,32.9,9.2,0.347,0.377,55.2,0.564,0.505,69.1,-12.33,6.6,-2.74,0.421,0.333,44.8,0.539,16.6,0.499,0.25,1265
164,MARQUETTE,57.1,9.3,0.576,0.487,0.31,0.781,0.242,9.299999999999997,115.2,27.0,59.5,10.3,0.522,0.459,0.356,0.697,0.249,105.9,29.1,9.2,0.342,0.368,50.4,0.553,0.506,71.1,15.26,10.1,8.6,0.415,0.429,49.6,0.607,15.5,0.528,0.594,1266
165,MARSHALL,56.4,8.3,0.536,0.456,0.365,0.734,0.268,2.0999999999999943,109.5,24.4,47.2,9.2,0.512,0.461,0.31,0.659,0.204,107.4,32.7,7.8,0.294,0.344,53.3,0.535,0.51,77.3,0.18,7.7,-1.05,0.43,0.37,46.7,0.571,14.2,0.522,0.571,1267
166,MARYLAND-BALTIMORE-COUNTY,53.0,6.4,0.55,0.469,0.339,0.745,0.252,5.400000000000006,111.4,25.8,51.7,6.8,0.521,0.454,0.345,0.723,0.249,106.0,26.4,7.7,0.382,0.354,50.1,0.555,0.516,71.3,-3.84,9.0,-5.87,0.412,0.393,49.9,0.582,14.8,0.522,0.618,1420
167,MARYLAND-EASTERN-SHORE,52.6,7.5,0.489,0.424,0.332,0.683,0.227,-6.6000000000000085,100.6,26.7,56.7,9.4,0.522,0.454,0.41,0.708,0.29,107.2,33.1,7.8,0.384,0.353,53.6,0.558,0.517,69.8,-13.77,8.0,-7.61,0.38,0.342,46.4,0.52,15.4,0.474,0.412,1271
168,MARYLAND,57.1,11.9,0.523,0.449,0.398,0.699,0.278,8.5,108.1,31.1,46.3,10.9,0.471,0.416,0.327,0.703,0.23,99.6,31.8,9.0,0.328,0.338,49.7,0.507,0.454,68.1,12.79,8.0,8.29,0.411,0.359,50.3,0.557,16.3,0.512,0.727,1268
169,MASSACHUSETTS-LOWELL,56.4,5.4,0.551,0.481,0.311,0.735,0.228,-3.799999999999997,106.0,27.2,54.7,7.1,0.531,0.463,0.374,0.736,0.275,109.8,30.3,11.7,0.369,0.367,51.0,0.568,0.52,73.0,-10.13,7.5,-6.4,0.363,0.39,49.0,0.58,18.5,0.532,0.355,1262
170,MASSACHUSETTS,62.5,13.2,0.497,0.437,0.346,0.66,0.228,0.0,98.5,28.1,57.9,8.3,0.469,0.413,0.445,0.704,0.313,98.5,30.2,9.2,0.324,0.345,50.7,0.516,0.445,73.0,1.63,10.4,1.66,0.407,0.297,49.3,0.525,17.8,0.533,0.455,1269
171,MCNEESE-STATE,42.2,7.5,0.479,0.421,0.359,0.685,0.246,-11.799999999999997,96.9,26.0,53.8,8.4,0.504,0.449,0.396,0.718,0.284,108.7,35.4,8.7,0.317,0.349,55.0,0.544,0.495,72.4,-14.28,7.5,-4.12,0.346,0.332,45.0,0.514,16.9,0.468,0.241,1270
172,MEMPHIS,59.6,13.0,0.489,0.442,0.367,0.683,0.25,4.700000000000003,104.9,31.6,54.5,10.1,0.488,0.423,0.332,0.687,0.228,100.2,30.6,8.2,0.388,0.337,49.8,0.52,0.477,70.0,6.47,9.8,3.19,0.318,0.295,50.2,0.523,14.0,0.511,0.594,1272
173,MERCER,55.0,7.5,0.512,0.444,0.324,0.782,0.253,4.1000000000000085,110.4,35.0,58.5,9.8,0.492,0.415,0.334,0.747,0.25,106.3,28.1,8.8,0.446,0.344,46.0,0.532,0.472,63.5,-1.12,6.5,-0.92,0.393,0.35,54.0,0.554,15.2,0.505,0.469,1273
174,MIAMI-FL,47.8,10.5,0.51,0.452,0.343,0.718,0.246,7.599999999999994,106.3,33.4,51.9,8.3,0.476,0.419,0.287,0.739,0.212,98.7,28.1,9.2,0.347,0.33,47.0,0.512,0.466,64.7,14.48,9.9,9.57,0.326,0.356,53.0,0.544,16.6,0.498,0.636,1274
175,MIAMI-OH,46.3,11.8,0.488,0.434,0.38,0.691,0.262,-5.799999999999997,97.4,25.6,49.2,9.8,0.506,0.432,0.385,0.735,0.283,103.2,31.0,11.2,0.425,0.347,52.9,0.547,0.495,71.6,-8.16,10.3,-2.1,0.356,0.308,47.1,0.525,17.9,0.503,0.344,1275
176,MICHIGAN-STATE,65.3,11.9,0.54,0.47,0.335,0.669,0.224,4.699999999999989,105.1,29.1,53.6,8.8,0.467,0.41,0.347,0.726,0.252,100.4,26.9,8.8,0.327,0.346,47.4,0.509,0.442,68.2,13.67,6.3,10.5,0.38,0.373,52.6,0.563,18.0,0.529,0.571,1277
177,MICHIGAN,52.6,7.4,0.57,0.483,0.301,0.779,0.234,13.400000000000006,116.5,24.5,45.7,8.3,0.519,0.465,0.272,0.684,0.186,103.1,29.5,6.6,0.288,0.378,52.1,0.542,0.5,63.8,18.8,9.0,10.17,0.451,0.385,47.9,0.601,12.8,0.563,0.684,1276
178,MIDDLE-TENNESSEE,54.4,8.3,0.543,0.488,0.304,0.699,0.212,16.60000000000001,112.4,30.7,50.6,5.8,0.478,0.42,0.372,0.711,0.265,95.8,23.8,7.1,0.36,0.323,46.1,0.519,0.475,66.4,9.8,10.1,-0.48,0.299,0.367,53.9,0.567,13.6,0.54,0.861,1292
179,MILWAUKEE,54.3,4.6,0.511,0.441,0.276,0.66,0.182,-6.300000000000011,100.6,24.1,53.8,10.6,0.535,0.465,0.331,0.702,0.232,106.9,26.0,8.7,0.395,0.353,51.5,0.563,0.539,65.3,-7.37,7.0,-2.17,0.401,0.348,48.5,0.532,15.6,0.504,0.314,1454
180,MINNESOTA,57.2,15.9,0.487,0.435,0.396,0.711,0.281,8.0,104.6,29.6,53.7,8.7,0.451,0.4,0.292,0.682,0.199,96.6,30.1,7.9,0.332,0.309,49.5,0.484,0.445,70.3,14.56,7.9,8.82,0.299,0.343,50.5,0.528,14.0,0.475,0.706,1278
181,MISSISSIPPI-STATE,47.0,10.7,0.511,0.444,0.339,0.687,0.233,1.7000000000000028,102.0,27.2,47.1,9.5,0.481,0.428,0.379,0.71,0.269,100.3,30.2,7.2,0.341,0.315,51.1,0.522,0.486,70.8,7.12,10.5,5.9,0.385,0.347,48.9,0.54,16.8,0.504,0.5,1280
182,MISSISSIPPI-VALLEY-STATE,45.7,5.2,0.466,0.421,0.335,0.65,0.218,-18.400000000000006,95.8,30.4,55.7,8.2,0.564,0.49,0.378,0.705,0.266,114.2,33.7,10.2,0.393,0.381,53.0,0.591,0.56,72.1,-20.54,9.3,-7.11,0.262,0.343,47.0,0.496,17.0,0.449,0.219,1290
183,MISSISSIPPI,50.9,11.3,0.488,0.423,0.428,0.752,0.322,2.200000000000003,105.4,33.8,59.4,9.7,0.498,0.426,0.356,0.701,0.25,103.2,30.0,9.2,0.401,0.363,48.0,0.533,0.467,73.4,9.65,9.1,7.99,0.377,0.347,52.0,0.539,16.5,0.468,0.611,1279
184,MISSOURI-KANSAS-CITY,49.5,7.0,0.515,0.439,0.374,0.713,0.267,-2.3999999999999915,102.9,27.6,51.5,7.9,0.519,0.457,0.42,0.68,0.285,105.3,31.1,8.5,0.365,0.339,52.1,0.552,0.525,74.5,-4.97,9.0,-1.06,0.408,0.371,47.9,0.55,17.3,0.485,0.514,1282
185,MISSOURI-STATE,48.1,10.7,0.513,0.442,0.344,0.701,0.241,5.599999999999994,107.6,33.2,54.4,7.5,0.495,0.434,0.326,0.75,0.245,102.0,24.3,8.8,0.356,0.341,45.8,0.535,0.486,66.4,2.84,7.9,1.18,0.393,0.363,54.2,0.545,15.6,0.493,0.515,1283
186,MISSOURI,51.9,6.2,0.452,0.393,0.387,0.683,0.264,-5.299999999999997,97.4,28.2,51.0,12.6,0.496,0.428,0.426,0.681,0.29,102.7,30.2,7.4,0.395,0.344,51.9,0.533,0.483,70.5,2.98,8.8,6.73,0.39,0.304,48.1,0.494,14.6,0.45,0.25,1281
187,MONMOUTH,46.4,11.9,0.508,0.437,0.373,0.757,0.282,10.099999999999994,108.3,29.7,52.1,11.5,0.47,0.407,0.357,0.711,0.254,98.2,30.0,7.9,0.38,0.334,49.8,0.511,0.451,74.2,4.94,9.2,-2.62,0.382,0.373,50.2,0.551,14.5,0.476,0.794,1284
188,MONTANA-STATE,49.4,6.6,0.517,0.435,0.367,0.73,0.268,1.2000000000000028,108.3,27.8,49.2,8.9,0.521,0.449,0.496,0.71,0.352,107.1,27.2,7.8,0.387,0.375,50.4,0.565,0.496,71.7,-6.14,7.7,-5.88,0.433,0.375,49.6,0.554,14.5,0.482,0.5,1286
189,MONTANA,49.3,7.9,0.512,0.449,0.33,0.752,0.249,1.8999999999999915,107.8,28.0,45.1,10.7,0.52,0.462,0.444,0.702,0.312,105.9,26.8,7.5,0.337,0.345,50.0,0.558,0.521,68.7,-2.67,8.2,-4.02,0.355,0.357,50.0,0.55,13.7,0.499,0.5,1285
190,MOREHEAD-STATE,54.9,9.4,0.518,0.461,0.285,0.726,0.207,2.6999999999999886,108.6,35.7,51.4,8.1,0.539,0.462,0.413,0.703,0.29,105.9,26.8,7.1,0.402,0.384,46.5,0.572,0.514,71.8,-3.6,9.3,-1.85,0.298,0.386,53.5,0.547,15.7,0.493,0.467,1287
191,MORGAN-STATE,46.6,8.9,0.43,0.385,0.38,0.711,0.27,-4.599999999999994,95.2,34.8,55.8,9.0,0.486,0.438,0.409,0.658,0.269,99.8,31.1,9.9,0.333,0.286,49.2,0.519,0.514,70.3,-15.03,8.0,-11.2,0.302,0.294,50.8,0.478,16.6,0.425,0.467,1288
192,MOUNT-ST-MARYS,46.0,9.6,0.51,0.444,0.324,0.673,0.218,-1.1000000000000085,99.1,23.0,43.9,7.9,0.499,0.453,0.326,0.66,0.215,100.2,34.6,9.3,0.274,0.341,55.5,0.525,0.495,68.4,-4.29,9.0,-3.51,0.369,0.358,44.5,0.536,17.1,0.494,0.556,1291
193,MURRAY-STATE,50.9,6.1,0.512,0.441,0.368,0.735,0.271,4.099999999999994,110.1,31.8,49.9,8.6,0.516,0.45,0.38,0.708,0.269,106.0,29.1,8.0,0.369,0.36,49.1,0.551,0.502,71.1,-3.06,8.3,-4.41,0.394,0.36,50.9,0.551,14.4,0.493,0.485,1293
194,NAVY,58.9,7.1,0.482,0.422,0.359,0.641,0.23,1.0,99.5,37.2,58.8,8.7,0.526,0.455,0.385,0.69,0.266,98.5,25.6,11.6,0.401,0.357,45.8,0.558,0.52,64.9,-4.11,10.9,-3.92,0.385,0.307,54.2,0.51,18.6,0.494,0.5,1298
195,NEBRASKA-OMAHA,49.4,8.6,0.529,0.454,0.405,0.748,0.303,0.5,108.8,28.4,52.3,10.4,0.535,0.463,0.334,0.737,0.246,108.3,30.4,8.7,0.388,0.369,51.3,0.568,0.523,76.2,-2.24,10.6,-1.11,0.388,0.388,48.7,0.571,15.9,0.495,0.563,1303
196,NEBRASKA,44.6,9.7,0.463,0.416,0.298,0.71,0.211,-4.400000000000006,99.5,33.9,51.1,11.0,0.514,0.447,0.329,0.698,0.23,103.9,29.4,8.8,0.334,0.399,48.7,0.544,0.471,69.2,6.47,9.7,10.74,0.294,0.32,51.3,0.498,15.9,0.456,0.387,1304
197,NEVADA-LAS-VEGAS,55.2,6.6,0.451,0.395,0.376,0.696,0.261,-8.900000000000006,96.6,28.9,50.1,11.8,0.516,0.451,0.286,0.689,0.197,105.5,27.3,8.6,0.346,0.378,50.1,0.541,0.489,70.4,-3.75,8.3,2.59,0.352,0.32,49.9,0.494,15.5,0.435,0.344,1424
198,NEVADA,59.9,11.0,0.525,0.448,0.413,0.705,0.291,11.799999999999997,112.0,30.3,52.0,6.3,0.483,0.428,0.282,0.692,0.195,100.2,26.1,7.7,0.355,0.31,47.6,0.512,0.493,70.9,10.49,7.6,2.03,0.402,0.382,52.4,0.561,13.4,0.492,0.8,1305
199,NEW-HAMPSHIRE,50.8,5.0,0.51,0.438,0.351,0.725,0.255,7.299999999999997,104.8,29.3,45.3,8.9,0.483,0.425,0.284,0.63,0.179,97.5,21.8,9.1,0.36,0.322,45.7,0.505,0.484,66.8,-3.57,5.9,-4.46,0.407,0.352,54.3,0.546,16.1,0.497,0.625,1306
200,NEW-MEXICO-STATE,55.3,9.6,0.531,0.467,0.431,0.712,0.307,15.399999999999991,112.1,36.7,43.4,5.4,0.467,0.419,0.348,0.682,0.237,96.7,29.1,7.4,0.325,0.294,45.6,0.503,0.48,70.0,4.66,6.9,-3.82,0.382,0.337,54.4,0.568,16.5,0.546,0.824,1308
201,NEW-MEXICO,53.9,10.3,0.502,0.46,0.461,0.746,0.344,1.4000000000000057,104.0,27.0,56.9,8.2,0.506,0.433,0.377,0.69,0.26,102.6,27.8,10.6,0.4,0.369,49.5,0.54,0.475,70.5,3.04,8.6,2.07,0.262,0.327,50.5,0.553,16.3,0.507,0.548,1307
202,NEW-ORLEANS,60.2,8.6,0.513,0.473,0.427,0.71,0.303,5.1000000000000085,103.2,36.7,51.1,8.0,0.5,0.442,0.342,0.687,0.235,98.1,31.6,11.9,0.369,0.316,47.1,0.531,0.515,69.5,-4.1,11.2,-5.34,0.25,0.317,52.9,0.552,20.2,0.525,0.625,1309
203,NIAGARA,49.2,11.2,0.476,0.416,0.336,0.75,0.252,-5.5,102.2,30.6,55.3,9.9,0.505,0.441,0.308,0.729,0.224,107.7,30.7,8.1,0.351,0.366,50.2,0.538,0.481,71.8,-8.34,7.2,-4.37,0.328,0.366,49.8,0.519,15.4,0.44,0.303,1310
204,NICHOLLS-STATE,55.8,15.4,0.504,0.427,0.372,0.739,0.275,-6.5,102.2,26.8,56.8,11.3,0.537,0.469,0.343,0.685,0.235,108.7,35.9,8.6,0.345,0.398,54.7,0.563,0.506,72.2,-14.57,10.3,-5.23,0.446,0.345,45.3,0.546,17.5,0.493,0.452,1311
205,NJIT,50.3,8.1,0.493,0.423,0.323,0.703,0.227,-3.0,101.2,30.1,53.9,8.2,0.531,0.459,0.351,0.703,0.247,104.2,24.0,8.8,0.382,0.375,48.0,0.561,0.511,71.5,-10.12,9.1,-4.22,0.417,0.333,52.0,0.526,16.3,0.488,0.355,1312
206,NORFOLK-STATE,45.3,14.5,0.482,0.424,0.373,0.681,0.254,-2.299999999999997,97.5,29.7,56.6,10.0,0.472,0.406,0.393,0.654,0.257,99.8,28.7,8.3,0.388,0.339,48.8,0.506,0.449,70.6,-12.07,7.1,-8.57,0.34,0.339,51.2,0.517,18.0,0.468,0.5,1313
207,NORTH-CAROLINA-ASHEVILLE,56.4,5.8,0.545,0.476,0.357,0.681,0.243,12.200000000000003,108.9,25.0,55.7,8.6,0.518,0.449,0.32,0.657,0.211,96.7,26.8,7.6,0.387,0.355,51.0,0.541,0.509,69.5,0.84,13.1,-5.61,0.351,0.394,49.0,0.57,14.7,0.52,0.697,1421
208,NORTH-CAROLINA-AT,48.4,6.4,0.483,0.424,0.342,0.681,0.233,-17.900000000000006,97.3,32.2,63.9,11.3,0.523,0.444,0.386,0.717,0.277,115.2,33.1,8.8,0.417,0.379,50.2,0.559,0.491,65.1,-23.07,6.8,-9.61,0.355,0.328,49.8,0.515,18.9,0.477,0.094,1299
209,NORTH-CAROLINA-CENTRAL,52.7,8.7,0.517,0.454,0.341,0.683,0.233,16.400000000000006,108.7,32.9,45.6,7.4,0.445,0.393,0.287,0.648,0.186,92.3,31.2,6.6,0.361,0.29,48.3,0.473,0.451,68.8,-3.18,8.9,-12.12,0.38,0.335,51.7,0.546,14.8,0.527,0.735,1300
210,NORTH-CAROLINA-GREENSBORO,55.4,10.9,0.539,0.464,0.295,0.706,0.209,8.5,109.8,34.8,53.0,8.6,0.495,0.428,0.347,0.746,0.258,101.3,30.1,9.4,0.37,0.359,47.4,0.536,0.469,68.4,-0.1,10.2,-2.63,0.395,0.382,52.6,0.564,16.9,0.517,0.714,1422
211,NORTH-CAROLINA-STATE,51.5,10.7,0.527,0.468,0.362,0.7,0.253,-2.700000000000003,107.1,29.8,49.0,7.4,0.516,0.45,0.304,0.716,0.217,109.8,31.4,9.0,0.356,0.369,49.9,0.546,0.495,71.9,6.09,7.0,8.09,0.335,0.356,50.1,0.558,16.1,0.524,0.469,1301
212,NORTH-CAROLINA-WILMINGTON,52.7,8.2,0.555,0.48,0.317,0.691,0.219,13.699999999999989,118.1,32.8,46.2,7.4,0.526,0.478,0.396,0.716,0.283,104.4,27.6,6.8,0.289,0.338,48.4,0.562,0.534,71.5,8.06,9.3,-0.55,0.411,0.366,51.6,0.578,12.4,0.559,0.829,1423
213,NORTH-CAROLINA,58.9,9.7,0.519,0.466,0.348,0.701,0.244,19.0,116.0,41.3,46.6,9.6,0.48,0.413,0.314,0.725,0.228,97.0,24.5,8.6,0.395,0.34,41.8,0.517,0.461,72.6,24.84,9.7,11.76,0.303,0.355,58.2,0.55,13.4,0.514,0.825,1314
214,NORTH-DAKOTA-STATE,47.1,10.1,0.526,0.458,0.384,0.711,0.273,4.700000000000003,107.4,25.7,53.8,8.3,0.5,0.429,0.303,0.708,0.215,102.7,27.6,8.2,0.374,0.38,50.0,0.532,0.458,68.8,-1.31,8.8,-2.63,0.372,0.368,50.0,0.561,14.8,0.511,0.633,1295
215,NORTH-DAKOTA,52.6,7.5,0.542,0.483,0.364,0.713,0.26,9.299999999999997,108.8,26.8,44.8,5.6,0.501,0.443,0.385,0.691,0.266,99.5,26.7,8.5,0.329,0.351,49.5,0.536,0.489,72.9,-1.83,10.6,-5.45,0.305,0.39,50.5,0.573,15.7,0.523,0.688,1315
216,NORTH-FLORIDA,48.3,10.0,0.53,0.457,0.369,0.655,0.242,-1.5,105.8,34.2,53.2,9.5,0.508,0.448,0.338,0.686,0.232,107.3,31.3,11.0,0.335,0.358,48.1,0.538,0.493,73.3,-7.78,7.4,-1.65,0.415,0.351,51.9,0.554,18.5,0.533,0.441,1316
217,NORTH-TEXAS,45.7,8.4,0.477,0.424,0.362,0.646,0.234,-8.399999999999991,96.2,26.9,52.7,9.3,0.496,0.432,0.339,0.745,0.253,104.6,30.9,9.6,0.374,0.341,52.0,0.536,0.486,71.6,-11.14,9.2,-3.32,0.333,0.32,48.0,0.507,16.7,0.476,0.267,1317
218,NORTHEASTERN,54.0,9.9,0.535,0.456,0.378,0.681,0.257,0.20000000000000284,105.9,25.6,52.6,11.6,0.521,0.455,0.31,0.696,0.216,105.7,26.8,8.5,0.364,0.364,50.3,0.548,0.507,67.2,-0.78,8.1,-0.91,0.433,0.367,49.7,0.563,16.4,0.524,0.484,1318
219,NORTHERN-ARIZONA,57.2,5.4,0.47,0.406,0.34,0.683,0.233,-9.599999999999994,97.0,31.2,52.2,8.8,0.526,0.459,0.323,0.689,0.222,106.6,26.6,9.6,0.392,0.337,48.5,0.552,0.538,71.1,-13.92,6.2,-5.95,0.394,0.32,51.5,0.504,17.5,0.462,0.281,1319
220,NORTHERN-COLORADO,53.6,6.1,0.516,0.439,0.354,0.605,0.214,-4.3999999999999915,100.7,28.1,47.3,11.0,0.521,0.455,0.351,0.713,0.25,105.1,24.9,8.7,0.376,0.352,49.3,0.554,0.517,70.5,-9.27,7.1,-4.2,0.439,0.347,50.7,0.533,17.3,0.512,0.379,1294
221,NORTHERN-ILLINOIS,41.9,7.6,0.48,0.438,0.385,0.677,0.261,2.200000000000003,101.8,33.4,57.0,7.4,0.507,0.435,0.378,0.668,0.253,99.6,27.7,8.3,0.413,0.347,47.8,0.537,0.497,69.3,-3.29,10.0,-2.05,0.273,0.312,52.2,0.516,16.1,0.485,0.469,1296
222,NORTHERN-IOWA,47.9,8.5,0.472,0.399,0.334,0.733,0.244,-3.8999999999999915,94.4,18.0,52.4,7.6,0.5,0.429,0.252,0.751,0.189,98.3,28.0,8.9,0.391,0.362,55.6,0.531,0.472,64.7,1.29,10.0,5.22,0.45,0.326,44.4,0.513,15.9,0.459,0.467,1320
223,NORTHERN-KENTUCKY,52.4,7.1,0.529,0.456,0.363,0.68,0.247,6.099999999999994,107.3,31.7,45.4,12.4,0.494,0.44,0.301,0.707,0.213,101.2,25.8,8.4,0.335,0.325,46.9,0.526,0.498,70.8,-0.17,8.1,-2.84,0.422,0.349,53.1,0.557,16.4,0.533,0.686,1297
224,NORTHWESTERN-STATE,53.9,6.8,0.502,0.442,0.426,0.69,0.294,-4.5,102.7,31.3,58.5,8.2,0.535,0.47,0.382,0.665,0.254,107.2,31.3,9.5,0.348,0.377,50.4,0.561,0.519,73.4,-12.03,9.1,-6.07,0.327,0.366,49.6,0.54,17.7,0.479,0.448,1322
225,NORTHWESTERN,59.1,13.2,0.497,0.436,0.304,0.747,0.227,8.399999999999991,106.8,30.7,52.4,10.3,0.461,0.403,0.361,0.669,0.242,98.4,30.6,8.6,0.345,0.334,49.4,0.497,0.44,66.6,14.02,7.9,8.43,0.357,0.343,50.6,0.534,13.8,0.488,0.667,1321
226,NOTRE-DAME,57.8,9.7,0.536,0.458,0.286,0.8,0.229,11.799999999999997,113.8,27.3,51.1,11.5,0.491,0.432,0.267,0.736,0.196,102.0,30.6,7.7,0.349,0.338,51.3,0.523,0.482,67.7,17.81,10.4,9.78,0.406,0.384,48.7,0.573,12.3,0.509,0.722,1323
227,OAKLAND,61.6,11.6,0.515,0.455,0.372,0.761,0.283,11.0,106.2,29.1,51.1,8.3,0.459,0.407,0.283,0.7,0.199,95.2,28.6,8.5,0.325,0.32,48.5,0.492,0.449,74.5,4.22,10.5,-3.0,0.359,0.335,51.5,0.558,16.0,0.522,0.735,1324
228,OHIO-STATE,52.5,10.8,0.522,0.463,0.381,0.682,0.26,4.3999999999999915,105.6,29.7,52.7,8.2,0.489,0.416,0.294,0.664,0.196,101.2,28.8,7.2,0.41,0.356,48.4,0.515,0.457,68.7,10.31,7.5,7.28,0.331,0.356,51.6,0.552,16.7,0.516,0.531,1326
229,OHIO,49.7,7.5,0.532,0.455,0.341,0.69,0.235,9.799999999999997,106.8,25.7,43.9,7.9,0.473,0.414,0.325,0.684,0.222,97.0,27.6,8.1,0.364,0.323,50.2,0.506,0.467,72.1,3.9,8.1,-2.56,0.404,0.384,49.8,0.559,15.4,0.502,0.645,1325
230,OKLAHOMA-STATE,50.8,8.1,0.539,0.467,0.383,0.789,0.302,9.899999999999991,117.8,38.1,51.5,10.8,0.535,0.471,0.449,0.724,0.325,107.9,31.2,8.9,0.345,0.367,47.1,0.575,0.527,72.7,19.19,10.5,12.22,0.357,0.402,52.9,0.583,15.1,0.503,0.606,1329
231,OKLAHOMA,41.6,12.7,0.475,0.423,0.368,0.721,0.265,-1.7000000000000028,100.6,30.9,51.6,10.7,0.5,0.431,0.335,0.683,0.229,102.3,29.8,9.7,0.38,0.364,49.5,0.53,0.472,71.1,11.42,9.5,12.62,0.3,0.344,50.5,0.517,16.4,0.457,0.355,1328
232,OLD-DOMINION,58.0,14.5,0.456,0.412,0.341,0.643,0.219,5.200000000000003,100.2,35.5,50.5,7.8,0.464,0.4,0.386,0.706,0.272,95.0,25.4,7.7,0.381,0.336,46.0,0.507,0.44,63.8,1.94,9.8,-1.35,0.275,0.324,54.0,0.487,14.5,0.445,0.613,1330
233,ORAL-ROBERTS,52.2,7.8,0.505,0.445,0.301,0.759,0.229,-6.699999999999989,104.4,25.7,55.4,7.6,0.543,0.468,0.314,0.707,0.222,111.1,28.9,9.5,0.381,0.397,51.7,0.569,0.511,71.4,-5.51,7.5,1.24,0.323,0.367,48.3,0.542,14.8,0.483,0.267,1331
234,OREGON-STATE,52.7,10.4,0.488,0.428,0.337,0.661,0.223,-13.899999999999991,93.9,27.2,55.0,9.0,0.511,0.445,0.388,0.701,0.272,107.8,31.9,12.0,0.369,0.359,52.1,0.546,0.496,67.0,-4.59,8.2,5.89,0.348,0.346,47.9,0.517,20.1,0.471,0.156,1333
235,OREGON,56.3,17.2,0.554,0.481,0.347,0.712,0.247,19.0,114.2,32.2,48.9,9.6,0.462,0.403,0.257,0.719,0.185,95.2,28.6,6.9,0.378,0.313,47.1,0.494,0.458,68.8,20.8,9.4,8.38,0.388,0.38,52.9,0.582,14.7,0.545,0.846,1332
236,PACIFIC,50.5,6.0,0.452,0.404,0.346,0.675,0.234,-7.299999999999997,97.9,30.2,60.1,10.2,0.522,0.449,0.413,0.696,0.287,105.2,24.2,7.5,0.412,0.353,48.6,0.556,0.516,68.0,-4.57,6.2,2.09,0.289,0.33,51.4,0.489,14.6,0.434,0.333,1334
237,PENN-STATE,54.4,14.0,0.473,0.415,0.329,0.745,0.245,-1.4000000000000057,98.5,26.6,51.4,10.2,0.492,0.43,0.312,0.713,0.222,99.9,30.7,9.0,0.34,0.363,52.4,0.525,0.465,71.5,7.9,9.3,8.9,0.341,0.339,47.6,0.515,15.8,0.454,0.455,1336
238,PENNSYLVANIA,56.5,10.6,0.516,0.443,0.26,0.657,0.171,1.2999999999999972,101.8,27.5,54.6,9.4,0.488,0.416,0.336,0.729,0.245,100.5,29.4,8.4,0.395,0.36,50.7,0.526,0.453,67.4,-0.65,9.6,-1.5,0.43,0.339,49.3,0.535,16.6,0.521,0.464,1335
239,PEPPERDINE,52.0,7.1,0.495,0.446,0.3,0.641,0.192,-16.200000000000003,98.8,26.2,56.4,8.9,0.564,0.486,0.285,0.707,0.202,115.0,28.8,8.8,0.372,0.418,52.2,0.585,0.526,69.8,-10.0,7.3,1.87,0.266,0.369,47.8,0.517,15.8,0.473,0.29,1337
240,PITTSBURGH,58.6,8.7,0.514,0.442,0.394,0.733,0.289,-2.700000000000003,106.8,28.2,54.7,10.3,0.513,0.449,0.266,0.709,0.189,109.5,29.5,7.7,0.362,0.356,49.9,0.539,0.502,67.2,9.25,5.6,11.06,0.399,0.361,50.1,0.555,15.5,0.496,0.485,1338
241,PORTLAND-STATE,51.2,7.2,0.541,0.482,0.373,0.658,0.246,4.599999999999994,110.8,27.5,56.7,6.6,0.554,0.481,0.337,0.726,0.245,106.2,30.3,7.7,0.399,0.369,52.4,0.583,0.554,74.6,-7.06,12.9,-6.63,0.35,0.341,47.6,0.564,13.8,0.557,0.484,1340
242,PORTLAND,42.9,9.7,0.482,0.423,0.365,0.74,0.27,-7.3999999999999915,98.4,25.0,54.4,10.2,0.503,0.429,0.293,0.694,0.203,105.8,31.3,8.8,0.413,0.356,52.4,0.531,0.481,67.5,-5.81,7.2,2.32,0.32,0.373,47.6,0.526,16.8,0.446,0.333,1339
243,PRAIRIE-VIEW,51.3,10.6,0.493,0.428,0.358,0.703,0.252,-6.199999999999989,99.4,25.1,52.9,10.9,0.52,0.459,0.49,0.69,0.338,105.6,34.5,7.8,0.347,0.349,55.1,0.559,0.517,68.9,-14.54,11.9,-8.48,0.369,0.35,44.9,0.529,16.8,0.475,0.394,1341
244,PRESBYTERIAN,54.6,7.7,0.468,0.412,0.289,0.686,0.198,-20.5,92.3,29.1,56.0,10.2,0.543,0.458,0.363,0.705,0.256,112.8,32.1,12.6,0.438,0.388,51.8,0.572,0.512,66.1,-23.63,7.2,-5.95,0.323,0.346,48.2,0.499,19.7,0.444,0.167,1342
245,PRINCETON,55.2,9.5,0.537,0.45,0.242,0.738,0.179,15.599999999999994,109.5,24.4,48.6,8.4,0.478,0.416,0.318,0.689,0.219,93.9,23.9,6.8,0.374,0.332,50.0,0.511,0.466,65.2,6.57,10.2,-1.84,0.46,0.378,50.0,0.562,13.5,0.511,0.767,1343
246,PROVIDENCE,58.6,8.1,0.514,0.448,0.381,0.691,0.263,5.0,103.6,26.4,48.4,8.3,0.496,0.44,0.305,0.676,0.207,98.6,28.5,9.2,0.343,0.328,50.9,0.524,0.499,67.6,11.24,9.7,7.84,0.359,0.371,49.1,0.547,16.3,0.491,0.606,1344
247,PURDUE,65.3,6.1,0.557,0.479,0.333,0.757,0.252,16.0,112.6,30.7,50.0,8.6,0.477,0.421,0.229,0.707,0.162,96.6,24.2,9.2,0.339,0.332,45.1,0.503,0.466,70.0,20.13,7.3,8.79,0.383,0.403,54.9,0.589,16.1,0.527,0.771,1345
248,QUINNIPIAC,52.7,8.5,0.479,0.422,0.33,0.683,0.226,-8.799999999999997,101.7,34.1,55.3,8.1,0.526,0.464,0.382,0.739,0.282,110.5,30.2,10.4,0.325,0.38,49.1,0.565,0.505,74.8,-9.86,7.6,-3.22,0.349,0.326,50.9,0.512,16.2,0.474,0.323,1346
249,RADFORD,52.8,9.1,0.482,0.413,0.294,0.666,0.196,-7.3999999999999915,97.9,34.3,46.2,10.9,0.504,0.446,0.298,0.691,0.206,105.3,26.7,10.4,0.324,0.357,46.5,0.532,0.489,65.7,-11.34,7.2,-4.58,0.397,0.345,53.5,0.509,18.6,0.458,0.438,1347
250,RHODE-ISLAND,51.0,15.7,0.507,0.454,0.392,0.668,0.262,12.200000000000003,108.8,32.8,46.3,7.6,0.451,0.406,0.451,0.708,0.319,96.6,29.5,7.8,0.3,0.295,48.2,0.503,0.454,67.4,12.88,9.6,4.62,0.323,0.332,51.8,0.538,14.0,0.512,0.714,1348
251,RICE,51.2,8.9,0.542,0.462,0.419,0.74,0.31,7.700000000000003,108.4,28.8,48.4,7.9,0.492,0.439,0.354,0.707,0.25,100.7,25.9,9.6,0.323,0.33,47.7,0.529,0.491,74.4,0.51,8.4,-4.16,0.41,0.388,52.3,0.581,17.6,0.513,0.657,1349
252,RICHMOND,63.1,5.2,0.539,0.471,0.316,0.713,0.225,3.0999999999999943,105.6,20.7,53.0,8.8,0.499,0.442,0.346,0.733,0.254,102.5,30.7,8.0,0.355,0.321,54.3,0.538,0.509,69.7,5.45,9.4,3.28,0.398,0.342,45.7,0.566,14.8,0.556,0.629,1350
253,RIDER,51.4,9.3,0.49,0.446,0.37,0.672,0.248,-0.10000000000000853,101.8,33.1,52.3,7.9,0.49,0.428,0.359,0.742,0.267,101.9,27.1,9.6,0.365,0.337,47.2,0.532,0.48,74.0,-5.34,8.9,-5.28,0.265,0.332,52.8,0.522,16.7,0.487,0.545,1351
254,ROBERT-MORRIS,47.8,6.5,0.451,0.4,0.413,0.648,0.267,-4.8999999999999915,91.7,29.4,50.2,10.4,0.484,0.438,0.425,0.692,0.294,96.6,31.3,9.1,0.307,0.297,51.9,0.525,0.501,69.9,-8.56,11.3,-5.13,0.316,0.319,48.1,0.489,18.6,0.438,0.424,1352
255,RUTGERS,44.5,13.0,0.45,0.411,0.321,0.623,0.2,-2.4000000000000057,97.0,37.4,57.6,11.4,0.475,0.413,0.316,0.719,0.227,99.4,29.8,9.7,0.377,0.327,46.8,0.512,0.465,67.3,3.69,9.7,6.22,0.255,0.303,53.2,0.477,16.2,0.448,0.455,1353
256,SACRAMENTO-STATE,50.5,11.1,0.505,0.459,0.374,0.651,0.243,-4.6000000000000085,103.6,28.2,53.4,7.2,0.517,0.452,0.319,0.709,0.226,108.2,27.9,8.2,0.337,0.381,49.7,0.547,0.488,67.6,-10.69,6.8,-5.58,0.288,0.316,50.3,0.532,14.8,0.517,0.419,1170
257,SACRED-HEART,55.2,7.1,0.495,0.442,0.35,0.701,0.245,-4.700000000000003,99.1,30.9,46.5,10.3,0.528,0.46,0.333,0.691,0.23,103.8,27.1,11.1,0.359,0.379,48.3,0.555,0.505,71.9,-10.95,9.2,-7.52,0.317,0.335,51.7,0.53,19.0,0.492,0.406,1357
258,SAINT-FRANCIS-PA,50.1,10.4,0.535,0.467,0.296,0.692,0.205,1.7999999999999972,105.1,29.0,53.2,8.8,0.501,0.428,0.237,0.729,0.173,103.3,31.1,9.3,0.395,0.366,50.0,0.528,0.469,71.3,-8.13,9.2,-7.65,0.351,0.391,50.0,0.559,17.6,0.508,0.5,1384
259,SAINT-JOSEPHS,46.6,10.7,0.466,0.418,0.401,0.65,0.261,-5.0,99.0,29.8,58.2,7.2,0.512,0.434,0.325,0.729,0.237,104.0,26.6,7.9,0.448,0.349,49.5,0.546,0.503,69.7,0.14,6.9,3.69,0.297,0.324,50.5,0.501,14.7,0.457,0.355,1386
260,SAINT-LOUIS,60.4,8.5,0.47,0.404,0.344,0.663,0.229,-12.0,93.1,24.2,63.3,12.2,0.506,0.439,0.385,0.698,0.269,105.1,27.3,9.6,0.377,0.356,51.9,0.541,0.489,65.5,-6.09,7.5,1.85,0.388,0.342,48.1,0.502,17.9,0.443,0.364,1387
261,SAINT-MARYS-CA,63.1,8.5,0.578,0.496,0.278,0.745,0.207,23.799999999999997,117.6,33.0,40.2,7.8,0.453,0.412,0.266,0.691,0.184,93.8,21.8,9.1,0.277,0.3,42.8,0.484,0.454,61.3,16.75,6.9,2.19,0.414,0.394,57.2,0.602,15.2,0.569,0.853,1388
262,SAINT-PETERS,53.3,9.6,0.512,0.436,0.331,0.701,0.232,8.200000000000003,103.2,25.4,53.6,9.4,0.481,0.416,0.292,0.689,0.201,95.0,25.6,8.0,0.412,0.319,49.9,0.511,0.484,63.5,1.6,10.9,-3.6,0.399,0.381,50.1,0.543,15.4,0.473,0.639,1389
263,SAM-HOUSTON-STATE,56.5,8.0,0.489,0.437,0.367,0.686,0.252,4.099999999999994,101.6,31.5,54.2,8.2,0.49,0.426,0.47,0.727,0.342,97.5,25.8,8.7,0.37,0.343,47.8,0.54,0.475,72.8,-7.55,9.6,-6.35,0.327,0.316,52.2,0.523,16.2,0.496,0.618,1358
264,SAMFORD,60.8,6.6,0.537,0.469,0.426,0.743,0.316,3.799999999999997,108.8,28.7,61.5,10.1,0.495,0.429,0.319,0.717,0.229,105.0,30.5,9.4,0.402,0.331,49.6,0.53,0.494,69.9,-1.87,8.5,-3.7,0.347,0.395,50.4,0.578,16.7,0.508,0.556,1359
265,SAN-DIEGO-STATE,46.0,14.0,0.478,0.416,0.353,0.698,0.247,8.799999999999997,101.8,30.0,51.2,10.2,0.447,0.388,0.318,0.707,0.225,93.0,28.7,7.9,0.366,0.324,49.1,0.486,0.424,67.0,6.88,10.2,1.47,0.392,0.317,50.9,0.515,15.0,0.481,0.576,1361
266,SAN-DIEGO,56.5,4.9,0.486,0.407,0.369,0.721,0.266,-9.099999999999994,98.7,24.1,48.2,12.1,0.525,0.459,0.356,0.683,0.243,107.8,24.9,7.2,0.36,0.366,50.7,0.553,0.511,64.8,-5.78,5.9,0.92,0.453,0.348,49.3,0.527,16.5,0.456,0.419,1360
267,SAN-FRANCISCO,49.3,7.3,0.526,0.449,0.266,0.636,0.169,6.1000000000000085,103.2,27.1,47.5,11.8,0.477,0.422,0.333,0.685,0.228,97.1,26.7,7.6,0.329,0.335,49.5,0.51,0.465,69.4,3.8,9.6,0.42,0.442,0.35,50.5,0.542,16.0,0.527,0.606,1362
268,SAN-JOSE-STATE,54.0,10.9,0.498,0.441,0.367,0.701,0.258,-2.3000000000000114,101.1,25.4,50.4,7.6,0.516,0.46,0.398,0.747,0.297,103.4,24.6,8.2,0.326,0.347,50.3,0.559,0.515,72.1,-2.84,8.7,1.74,0.328,0.348,49.7,0.534,15.5,0.486,0.467,1363
269,SANTA-CLARA,59.6,5.7,0.525,0.436,0.253,0.732,0.185,2.1999999999999886,103.1,19.1,54.1,9.6,0.514,0.452,0.35,0.686,0.24,100.9,24.8,5.9,0.329,0.377,53.2,0.543,0.488,63.8,2.69,8.0,2.03,0.466,0.382,46.8,0.551,14.6,0.483,0.515,1365
270,SAVANNAH-STATE,60.1,7.9,0.507,0.41,0.325,0.648,0.21,-7.3999999999999915,102.4,27.3,60.9,15.6,0.524,0.452,0.308,0.671,0.206,109.8,36.0,7.6,0.436,0.332,54.7,0.548,0.546,83.3,-16.04,9.3,-8.44,0.582,0.332,45.3,0.53,15.5,0.52,0.448,1366
271,SEATTLE,66.8,6.1,0.512,0.433,0.348,0.707,0.246,-2.3999999999999915,97.4,21.9,64.9,11.3,0.472,0.403,0.336,0.723,0.243,99.8,30.4,10.4,0.438,0.315,52.9,0.512,0.472,70.1,-8.36,9.3,-3.95,0.459,0.344,47.1,0.545,18.5,0.509,0.433,1370
272,SETON-HALL,46.4,6.6,0.499,0.447,0.376,0.643,0.242,4.1000000000000085,104.9,35.7,49.1,8.4,0.49,0.433,0.362,0.719,0.26,100.8,25.3,10.0,0.335,0.341,45.3,0.53,0.48,69.0,12.1,9.9,9.25,0.307,0.338,54.7,0.526,16.4,0.496,0.636,1371
273,SIENA,51.2,10.3,0.499,0.452,0.4,0.711,0.284,0.29999999999999716,105.6,35.5,47.7,8.9,0.503,0.447,0.355,0.721,0.256,105.3,29.3,9.2,0.328,0.339,46.9,0.54,0.5,70.7,-2.0,8.2,-2.23,0.286,0.327,53.1,0.539,16.7,0.502,0.5,1373
274,SOUTH-ALABAMA,51.5,10.7,0.487,0.427,0.39,0.655,0.256,-1.5999999999999943,99.4,27.6,55.0,9.1,0.508,0.442,0.399,0.697,0.278,101.0,30.6,7.6,0.38,0.348,52.3,0.544,0.5,70.8,-6.57,10.4,-2.9,0.378,0.318,47.7,0.519,16.0,0.493,0.438,1375
275,SOUTH-CAROLINA-STATE,47.7,5.3,0.481,0.431,0.305,0.691,0.211,-14.600000000000009,99.3,28.2,50.5,8.9,0.543,0.484,0.38,0.713,0.271,113.9,35.3,6.4,0.344,0.345,54.4,0.575,0.556,69.8,-18.37,7.1,-6.61,0.313,0.32,45.6,0.512,15.3,0.481,0.355,1354
276,SOUTH-CAROLINA-UPSTATE,54.3,7.9,0.528,0.458,0.312,0.657,0.205,1.8999999999999915,108.6,32.1,57.2,5.1,0.499,0.436,0.278,0.728,0.202,106.7,29.6,8.3,0.377,0.332,48.6,0.531,0.499,71.1,-7.64,7.5,-5.23,0.402,0.346,51.4,0.549,15.2,0.534,0.515,1367
277,SOUTH-CAROLINA,50.6,11.1,0.477,0.421,0.398,0.699,0.278,11.100000000000009,102.9,33.5,46.0,9.7,0.454,0.401,0.441,0.724,0.319,91.8,30.2,8.4,0.349,0.303,49.2,0.507,0.453,69.9,17.52,11.0,10.16,0.334,0.338,50.8,0.518,15.5,0.462,0.703,1376
278,SOUTH-DAKOTA-STATE,52.1,7.2,0.537,0.455,0.404,0.771,0.311,-0.6000000000000085,109.6,27.4,53.0,10.0,0.536,0.45,0.26,0.722,0.188,110.2,28.1,9.6,0.463,0.373,49.3,0.561,0.517,69.2,-2.3,7.4,-0.66,0.456,0.36,50.7,0.581,16.4,0.534,0.514,1355
279,SOUTH-DAKOTA,45.8,8.8,0.499,0.444,0.417,0.705,0.294,5.0,105.9,28.2,49.8,9.6,0.5,0.434,0.312,0.726,0.227,100.9,26.5,7.0,0.363,0.367,49.3,0.534,0.472,73.0,-0.42,9.3,-2.08,0.321,0.341,50.7,0.539,14.1,0.492,0.647,1377
280,SOUTH-FLORIDA,51.0,11.3,0.477,0.425,0.306,0.657,0.201,-13.900000000000006,93.3,30.5,64.1,11.1,0.511,0.429,0.401,0.685,0.275,107.2,34.0,11.9,0.411,0.397,51.5,0.544,0.452,69.2,-7.28,8.8,2.39,0.299,0.346,48.5,0.504,20.2,0.459,0.233,1378
281,SOUTHEAST-MISSOURI-STATE,53.3,5.9,0.518,0.449,0.35,0.742,0.26,-0.20000000000000284,105.6,25.3,55.3,8.4,0.552,0.478,0.381,0.711,0.271,105.8,29.7,6.7,0.401,0.367,53.2,0.582,0.552,70.1,-5.89,10.6,-4.28,0.377,0.367,46.8,0.556,15.6,0.499,0.455,1369
282,SOUTHEASTERN-LOUISIANA,57.2,9.2,0.51,0.45,0.381,0.683,0.26,3.9000000000000057,101.9,35.1,50.3,10.8,0.488,0.43,0.39,0.698,0.272,98.0,29.6,9.0,0.337,0.343,47.2,0.527,0.475,69.6,-7.36,9.8,-8.13,0.335,0.363,52.8,0.542,19.7,0.494,0.5,1368
283,SOUTHERN-CALIFORNIA,56.4,13.3,0.522,0.456,0.368,0.741,0.273,7.299999999999997,111.2,30.9,53.6,8.5,0.501,0.434,0.24,0.717,0.172,103.9,31.2,7.9,0.365,0.368,49.7,0.527,0.472,70.1,11.48,9.9,6.4,0.366,0.362,50.3,0.56,13.7,0.51,0.722,1425
284,SOUTHERN-ILLINOIS-EDWARDSVILLE,44.4,7.4,0.45,0.407,0.463,0.677,0.313,-11.100000000000009,95.3,31.3,56.4,8.9,0.518,0.466,0.431,0.732,0.315,106.4,27.9,8.9,0.317,0.329,49.5,0.561,0.53,70.9,-12.25,6.6,-3.29,0.288,0.292,50.5,0.497,17.5,0.454,0.2,1188
285,SOUTHERN-ILLINOIS,46.4,11.2,0.48,0.433,0.361,0.696,0.251,-1.3000000000000114,101.6,29.8,51.4,8.6,0.52,0.447,0.334,0.658,0.22,102.9,31.1,7.7,0.37,0.396,51.1,0.544,0.477,66.4,1.09,10.1,2.65,0.297,0.316,48.9,0.517,15.4,0.482,0.515,1356
286,SOUTHERN-METHODIST,61.9,11.1,0.547,0.473,0.36,0.697,0.251,22.39999999999999,116.6,37.1,55.7,8.5,0.46,0.386,0.246,0.692,0.17,94.2,26.4,7.7,0.455,0.321,43.7,0.488,0.441,63.7,18.71,9.0,4.45,0.365,0.406,56.3,0.574,14.3,0.511,0.857,1374
287,SOUTHERN-MISSISSIPPI,54.5,6.4,0.457,0.399,0.304,0.707,0.215,-13.5,91.7,23.0,60.1,11.6,0.52,0.44,0.331,0.692,0.229,105.2,25.4,8.6,0.432,0.37,51.8,0.548,0.493,67.6,-13.4,6.8,-2.78,0.379,0.305,48.2,0.493,17.0,0.457,0.29,1379
288,SOUTHERN-UTAH,46.7,9.2,0.479,0.407,0.43,0.741,0.318,-10.299999999999997,103.5,29.7,55.0,12.2,0.553,0.477,0.499,0.719,0.359,113.8,28.1,7.6,0.392,0.385,50.3,0.592,0.536,74.1,-15.58,7.5,-5.39,0.407,0.357,49.7,0.53,15.8,0.441,0.182,1381
289,SOUTHERN,46.5,9.1,0.48,0.437,0.417,0.696,0.29,-1.7999999999999972,101.9,34.1,43.6,9.8,0.479,0.427,0.373,0.667,0.249,103.7,33.5,8.3,0.328,0.315,49.2,0.513,0.482,69.9,-14.48,7.9,-11.68,0.27,0.32,50.8,0.522,16.7,0.481,0.455,1380
290,ST-BONAVENTURE,51.3,12.4,0.497,0.443,0.424,0.769,0.326,6.299999999999997,108.1,33.0,57.1,9.4,0.499,0.432,0.415,0.692,0.287,101.8,31.0,7.3,0.383,0.353,48.8,0.537,0.481,70.6,5.95,10.1,1.48,0.31,0.348,51.2,0.549,15.2,0.485,0.625,1382
291,ST-FRANCIS-NY,44.2,7.3,0.406,0.347,0.329,0.649,0.214,-16.89999999999999,89.4,29.0,47.4,9.8,0.522,0.474,0.467,0.681,0.318,106.3,32.9,7.7,0.273,0.352,54.5,0.558,0.52,68.7,-19.24,9.7,-6.54,0.423,0.279,45.5,0.444,14.9,0.398,0.129,1383
292,ST-JOHNS-NY,51.5,15.2,0.503,0.433,0.361,0.726,0.262,-2.5999999999999943,103.9,27.3,54.8,8.6,0.524,0.461,0.393,0.702,0.276,106.5,32.8,8.5,0.339,0.374,53.1,0.558,0.505,73.9,6.45,9.2,8.39,0.382,0.364,46.9,0.541,15.6,0.475,0.424,1385
293,STANFORD,54.5,7.8,0.485,0.44,0.386,0.682,0.263,-1.9000000000000057,100.1,29.6,58.6,9.0,0.52,0.444,0.378,0.694,0.263,102.0,26.9,8.9,0.4,0.382,49.1,0.552,0.486,69.4,6.39,9.8,8.59,0.28,0.32,50.9,0.521,16.1,0.487,0.452,1390
294,STEPHEN-F-AUSTIN,52.2,8.9,0.501,0.446,0.419,0.721,0.302,0.8000000000000114,99.4,34.8,51.7,8.9,0.512,0.451,0.446,0.68,0.303,98.6,28.5,10.4,0.346,0.351,46.9,0.547,0.504,69.3,-7.01,9.7,-5.75,0.345,0.319,53.1,0.544,21.6,0.513,0.545,1372
295,STETSON,49.2,5.2,0.506,0.441,0.331,0.659,0.218,-7.6000000000000085,102.6,21.8,50.3,9.9,0.517,0.454,0.311,0.695,0.216,110.2,32.0,6.8,0.362,0.347,55.1,0.545,0.515,74.9,-14.21,6.4,-5.45,0.384,0.339,44.9,0.532,13.5,0.505,0.344,1391
296,STONY-BROOK,51.5,9.4,0.471,0.404,0.329,0.721,0.237,0.5,103.4,29.5,48.6,6.7,0.507,0.439,0.401,0.701,0.281,102.9,28.8,6.6,0.363,0.375,51.1,0.544,0.475,66.9,-4.71,8.1,-5.05,0.407,0.327,48.9,0.51,13.0,0.457,0.563,1392
297,SYRACUSE,59.5,13.8,0.535,0.458,0.351,0.739,0.259,7.599999999999994,111.6,31.6,67.1,7.7,0.504,0.43,0.291,0.66,0.192,104.0,34.5,9.0,0.428,0.343,50.7,0.527,0.496,67.9,13.7,11.8,8.47,0.406,0.379,49.3,0.57,15.5,0.513,0.559,1393
298,TEMPLE,57.4,10.5,0.497,0.422,0.264,0.723,0.191,-0.3999999999999915,103.2,27.5,54.2,11.4,0.491,0.43,0.321,0.727,0.233,103.6,32.2,7.8,0.351,0.343,52.5,0.527,0.477,67.9,4.84,9.5,5.09,0.421,0.356,47.5,0.526,14.5,0.47,0.5,1396
299,TENNESSEE-MARTIN,57.5,10.4,0.537,0.468,0.333,0.688,0.229,2.5,109.0,37.6,57.8,7.7,0.521,0.444,0.301,0.708,0.213,106.5,31.9,9.1,0.438,0.35,46.8,0.549,0.517,69.8,-4.7,9.2,-4.34,0.393,0.353,53.2,0.563,18.1,0.541,0.629,1404
300,TENNESSEE-STATE,45.6,11.9,0.493,0.443,0.41,0.692,0.283,4.8999999999999915,101.8,34.6,60.1,7.6,0.486,0.407,0.47,0.692,0.325,96.9,27.7,8.0,0.454,0.348,46.7,0.53,0.455,68.7,-1.57,9.6,-2.96,0.299,0.339,53.3,0.532,18.4,0.487,0.567,1398
301,TENNESSEE-TECH,55.4,10.5,0.487,0.422,0.384,0.708,0.272,-1.0,101.7,30.1,59.8,9.7,0.502,0.434,0.384,0.739,0.283,102.7,29.9,8.1,0.398,0.344,50.4,0.545,0.493,70.1,-7.6,9.4,-4.17,0.399,0.325,49.6,0.527,16.5,0.487,0.375,1399
302,TENNESSEE,54.9,12.0,0.472,0.422,0.424,0.729,0.309,2.1000000000000085,103.7,31.9,49.0,9.1,0.487,0.427,0.43,0.699,0.3,101.6,30.3,8.3,0.336,0.356,49.5,0.529,0.464,71.5,11.28,7.6,10.18,0.304,0.326,50.5,0.521,14.9,0.464,0.5,1397
303,TEXAS-AM-CORPUS-CHRISTI,49.9,12.2,0.517,0.47,0.382,0.722,0.276,5.5,105.8,29.8,54.1,6.5,0.51,0.438,0.396,0.685,0.271,100.3,31.1,9.9,0.415,0.345,50.5,0.543,0.505,70.5,-2.97,13.1,-5.79,0.284,0.332,49.5,0.555,16.5,0.525,0.667,1394
304,TEXAS-AM,60.8,15.4,0.512,0.458,0.333,0.649,0.216,3.5999999999999943,105.1,37.5,57.6,8.8,0.472,0.404,0.281,0.73,0.205,101.5,31.3,9.9,0.387,0.352,46.3,0.507,0.437,66.8,10.36,9.0,7.97,0.327,0.329,53.7,0.536,17.8,0.521,0.516,1401
305,TEXAS-ARLINGTON,56.7,7.1,0.532,0.461,0.345,0.681,0.235,11.799999999999997,109.8,33.0,54.0,9.4,0.485,0.413,0.366,0.654,0.239,98.0,29.5,9.4,0.453,0.318,47.9,0.515,0.491,71.3,5.92,10.4,-0.87,0.424,0.337,52.1,0.558,15.8,0.552,0.75,1426
306,TEXAS-CHRISTIAN,62.1,11.9,0.527,0.466,0.323,0.686,0.222,7.299999999999997,108.8,34.3,58.7,10.0,0.504,0.443,0.307,0.685,0.21,101.5,29.2,8.4,0.339,0.361,47.3,0.532,0.485,68.3,15.64,9.6,10.95,0.346,0.354,52.7,0.553,16.1,0.525,0.615,1395
307,TEXAS-EL-PASO,57.0,9.4,0.521,0.469,0.36,0.662,0.239,0.6999999999999886,100.1,22.5,58.0,5.2,0.49,0.421,0.39,0.677,0.264,99.4,24.4,8.4,0.406,0.338,49.7,0.525,0.478,68.1,-3.13,7.8,-2.51,0.299,0.348,50.3,0.547,17.4,0.521,0.469,1431
309,TEXAS-SAN-ANTONIO,46.4,5.4,0.436,0.393,0.359,0.666,0.239,-5.0,95.2,32.4,54.1,9.7,0.499,0.434,0.374,0.674,0.252,100.2,24.1,8.4,0.37,0.35,47.4,0.531,0.484,69.3,-7.42,8.0,-3.03,0.31,0.283,52.6,0.475,15.4,0.442,0.424,1427
310,TEXAS-SOUTHERN,47.2,7.4,0.481,0.43,0.443,0.735,0.326,2.0,105.5,31.6,48.2,8.9,0.491,0.445,0.323,0.683,0.221,103.5,34.8,7.4,0.285,0.325,51.6,0.522,0.493,69.7,-6.41,10.2,-7.81,0.344,0.296,48.4,0.532,14.3,0.5,0.657,1411
311,TEXAS-STATE,60.8,13.2,0.504,0.447,0.36,0.661,0.238,6.5,102.7,28.9,47.3,10.5,0.469,0.412,0.356,0.718,0.255,96.2,28.7,8.4,0.357,0.315,49.7,0.51,0.467,64.4,-2.23,10.1,-4.29,0.34,0.33,50.3,0.532,15.7,0.508,0.611,1402
312,TEXAS-TECH,51.1,10.1,0.53,0.47,0.356,0.733,0.261,9.399999999999991,109.6,30.1,50.6,6.7,0.508,0.433,0.356,0.713,0.254,100.2,25.8,7.7,0.425,0.355,47.7,0.543,0.49,65.9,14.11,7.9,7.86,0.325,0.367,52.3,0.565,14.6,0.52,0.563,1403
313,TEXAS,46.4,11.8,0.488,0.439,0.345,0.65,0.224,-2.5999999999999943,97.9,28.4,48.3,8.5,0.481,0.424,0.3,0.716,0.215,100.5,31.2,9.4,0.346,0.326,51.1,0.515,0.477,68.5,10.99,8.4,12.75,0.335,0.292,48.9,0.515,17.1,0.513,0.333,1400
314,TOLEDO,58.4,6.2,0.547,0.48,0.384,0.695,0.267,4.400000000000006,109.7,29.1,43.0,10.7,0.509,0.461,0.265,0.683,0.181,105.3,25.3,9.5,0.302,0.321,47.2,0.533,0.521,69.2,1.16,5.5,-0.9,0.368,0.362,52.8,0.575,16.1,0.549,0.5,1405
315,TOWSON,40.9,11.1,0.488,0.447,0.457,0.682,0.312,7.099999999999994,106.6,37.3,51.1,9.6,0.486,0.418,0.464,0.687,0.318,99.5,25.6,7.8,0.399,0.34,44.4,0.529,0.47,68.8,1.84,9.8,-1.28,0.263,0.311,55.6,0.529,15.6,0.496,0.606,1406
316,TROY,49.3,9.8,0.528,0.456,0.393,0.725,0.285,8.5,110.9,31.6,49.7,9.3,0.495,0.428,0.322,0.72,0.232,102.4,28.5,8.5,0.398,0.339,48.2,0.53,0.486,70.1,-0.47,8.5,-3.36,0.403,0.359,51.8,0.565,15.3,0.522,0.595,1407
317,TULANE,53.0,10.2,0.464,0.405,0.343,0.717,0.246,-11.399999999999991,97.7,29.3,50.3,9.8,0.537,0.471,0.408,0.703,0.287,109.1,32.5,8.7,0.345,0.381,52.7,0.57,0.519,71.1,-3.98,8.6,4.25,0.368,0.324,47.3,0.505,16.3,0.452,0.194,1408
318,TULSA,51.6,7.3,0.489,0.419,0.428,0.729,0.312,-4.200000000000003,99.1,29.4,49.5,13.5,0.504,0.434,0.331,0.705,0.234,103.3,28.3,10.4,0.391,0.359,48.9,0.537,0.482,67.8,2.45,6.7,5.29,0.408,0.343,51.1,0.536,19.0,0.472,0.469,1409
319,UCLA,63.7,12.5,0.598,0.522,0.268,0.738,0.198,19.200000000000003,121.0,28.9,46.8,4.4,0.487,0.422,0.254,0.679,0.173,101.8,28.4,8.5,0.358,0.365,47.6,0.512,0.453,74.2,20.67,7.9,6.39,0.376,0.406,52.4,0.618,13.4,0.591,0.861,1417
320,UTAH-STATE,59.4,7.9,0.534,0.465,0.351,0.699,0.245,4.099999999999994,105.6,24.7,56.5,8.6,0.485,0.422,0.332,0.697,0.231,101.5,25.8,9.2,0.381,0.333,48.8,0.519,0.476,68.9,2.9,7.2,2.46,0.363,0.379,51.2,0.563,15.9,0.515,0.469,1429
321,UTAH-VALLEY,59.8,8.6,0.511,0.437,0.378,0.708,0.268,5.199999999999989,100.1,24.2,51.4,8.6,0.467,0.415,0.338,0.672,0.227,94.9,24.1,9.0,0.329,0.316,48.8,0.5,0.463,75.5,-1.22,8.3,-2.44,0.462,0.32,51.2,0.547,17.9,0.537,0.5,1430
322,UTAH,50.9,9.0,0.562,0.504,0.335,0.682,0.228,14.599999999999994,111.0,30.9,46.6,8.3,0.474,0.417,0.304,0.681,0.207,96.4,23.9,8.8,0.335,0.342,45.1,0.505,0.455,70.1,12.45,8.6,4.32,0.328,0.353,54.9,0.584,16.7,0.578,0.625,1428
323,VALPARAISO,49.8,8.0,0.5,0.444,0.372,0.775,0.289,8.200000000000003,105.9,30.8,54.3,8.5,0.477,0.414,0.32,0.693,0.222,97.7,26.6,8.7,0.379,0.332,47.1,0.51,0.464,70.0,3.94,9.1,-1.59,0.35,0.324,52.9,0.548,15.9,0.508,0.727,1434
324,VANDERBILT,55.2,9.8,0.521,0.43,0.348,0.777,0.271,4.5,105.6,24.7,46.3,10.7,0.481,0.425,0.307,0.699,0.214,101.1,26.9,8.2,0.33,0.338,50.0,0.513,0.468,67.1,13.69,6.2,10.72,0.486,0.376,50.0,0.563,16.3,0.481,0.543,1435
325,VERMONT,50.5,11.4,0.554,0.494,0.341,0.7,0.239,17.400000000000006,112.4,30.3,44.7,7.4,0.475,0.423,0.26,0.705,0.183,95.0,26.7,8.1,0.311,0.334,47.2,0.505,0.464,65.4,6.67,8.7,-3.27,0.325,0.369,52.8,0.58,15.0,0.554,0.829,1436
326,VILLANOVA,52.3,9.0,0.575,0.495,0.35,0.79,0.276,22.099999999999994,117.6,30.0,57.0,6.6,0.481,0.419,0.221,0.703,0.155,95.5,27.4,7.8,0.4,0.311,47.0,0.506,0.491,65.6,23.8,11.0,9.28,0.433,0.369,53.0,0.612,15.0,0.592,0.889,1437
327,VIRGINIA-COMMONWEALTH,55.6,10.6,0.51,0.461,0.364,0.705,0.257,11.200000000000003,106.8,31.2,46.4,8.9,0.475,0.422,0.409,0.697,0.285,95.6,27.3,7.8,0.315,0.338,48.2,0.517,0.46,69.0,11.57,10.7,3.77,0.294,0.331,51.8,0.544,15.3,0.515,0.743,1433
328,VIRGINIA-MILITARY-INSTITUTE,48.6,10.4,0.481,0.412,0.281,0.69,0.194,-13.700000000000003,97.6,27.2,54.5,7.5,0.555,0.483,0.393,0.671,0.263,111.3,31.0,10.1,0.36,0.396,53.1,0.578,0.532,70.2,-13.91,8.9,-1.8,0.442,0.316,46.9,0.51,16.4,0.488,0.2,1440
329,VIRGINIA-TECH,56.0,7.0,0.569,0.489,0.409,0.737,0.301,6.200000000000003,112.5,23.4,49.9,11.8,0.51,0.445,0.273,0.717,0.196,106.3,30.2,7.7,0.359,0.363,51.8,0.538,0.49,69.8,12.77,5.6,8.38,0.397,0.403,48.2,0.603,15.5,0.546,0.667,1439
330,VIRGINIA,56.4,13.9,0.524,0.46,0.26,0.709,0.184,15.800000000000011,107.9,28.2,50.6,7.5,0.461,0.398,0.338,0.699,0.237,92.1,24.3,8.1,0.398,0.318,47.7,0.499,0.451,60.3,20.63,9.1,10.93,0.33,0.385,52.3,0.548,13.7,0.497,0.676,1438
331,WAGNER,44.8,10.3,0.481,0.428,0.349,0.691,0.241,3.799999999999997,103.7,40.4,52.5,6.5,0.469,0.409,0.384,0.692,0.266,99.9,30.3,8.6,0.358,0.336,45.0,0.509,0.449,65.0,-7.13,7.4,-7.89,0.325,0.332,55.0,0.516,17.6,0.474,0.533,1447
332,WAKE-FOREST,55.5,10.1,0.541,0.472,0.407,0.779,0.317,6.200000000000003,115.5,30.7,52.7,9.9,0.527,0.457,0.38,0.724,0.275,109.3,27.5,8.4,0.388,0.358,48.1,0.563,0.521,71.7,14.19,7.7,9.8,0.357,0.385,51.9,0.586,14.3,0.521,0.576,1448
333,WASHINGTON-STATE,56.6,7.0,0.521,0.461,0.28,0.756,0.212,-9.099999999999994,100.9,19.9,51.1,7.7,0.524,0.46,0.275,0.694,0.191,110.0,28.9,8.2,0.368,0.352,53.1,0.548,0.522,69.4,0.13,6.0,6.87,0.33,0.364,46.9,0.553,16.5,0.508,0.419,1450
334,WASHINGTON,46.7,12.8,0.506,0.448,0.309,0.654,0.202,-6.400000000000006,104.5,35.0,52.3,9.0,0.528,0.466,0.347,0.719,0.25,110.9,31.2,9.7,0.307,0.399,48.4,0.56,0.496,72.8,2.15,8.3,6.82,0.328,0.354,51.6,0.53,16.0,0.495,0.29,1449
335,WEBER-STATE,48.8,7.7,0.57,0.487,0.422,0.741,0.313,8.700000000000003,113.2,21.0,43.1,6.9,0.499,0.452,0.283,0.739,0.209,104.5,29.3,6.9,0.268,0.354,52.0,0.532,0.487,69.5,-2.32,7.3,-5.13,0.401,0.417,48.0,0.606,14.5,0.534,0.588,1451
336,WEST-VIRGINIA,57.3,14.2,0.513,0.454,0.389,0.685,0.266,20.400000000000006,112.2,37.7,53.5,9.0,0.488,0.424,0.425,0.683,0.29,91.8,31.5,7.8,0.363,0.353,47.9,0.527,0.465,71.4,24.45,13.8,9.67,0.325,0.362,52.1,0.545,14.1,0.498,0.757,1452
337,WESTERN-CAROLINA,50.5,7.3,0.44,0.39,0.286,0.653,0.187,-17.19999999999999,88.4,32.4,59.4,10.2,0.516,0.445,0.459,0.702,0.322,105.6,28.9,12.1,0.404,0.355,49.5,0.557,0.506,69.4,-15.3,8.9,-0.7,0.321,0.307,50.5,0.469,19.8,0.429,0.281,1441
338,WESTERN-ILLINOIS,52.7,10.8,0.513,0.435,0.291,0.707,0.206,-6.900000000000006,99.1,18.6,51.6,7.4,0.5,0.436,0.393,0.73,0.287,106.0,23.7,9.0,0.315,0.406,52.1,0.542,0.45,70.9,-11.0,6.4,-2.38,0.4,0.388,47.9,0.541,16.2,0.467,0.286,1442
339,WESTERN-KENTUCKY,51.1,9.0,0.5,0.44,0.372,0.671,0.25,-4.299999999999997,102.3,27.2,55.3,7.9,0.523,0.452,0.247,0.707,0.175,106.6,26.7,8.0,0.383,0.368,49.7,0.546,0.504,67.5,-5.8,6.6,-2.89,0.343,0.353,50.3,0.531,15.7,0.485,0.469,1443
340,WESTERN-MICHIGAN,48.0,8.0,0.505,0.451,0.358,0.704,0.252,0.4000000000000057,106.4,31.8,52.2,7.1,0.538,0.47,0.346,0.705,0.244,106.0,25.9,8.5,0.375,0.361,48.0,0.567,0.536,70.7,-0.78,8.1,-0.55,0.294,0.371,52.0,0.539,15.1,0.484,0.5,1444
341,WICHITA-STATE,59.1,11.4,0.543,0.469,0.401,0.733,0.294,26.799999999999997,116.7,34.2,49.5,8.9,0.437,0.377,0.359,0.692,0.249,89.9,23.6,7.6,0.388,0.311,43.9,0.48,0.419,69.4,21.24,9.4,2.96,0.364,0.403,56.1,0.579,13.9,0.507,0.861,1455
342,WILLIAM-MARY,61.2,13.5,0.569,0.491,0.381,0.692,0.264,5.5,112.9,26.3,49.2,10.7,0.513,0.442,0.347,0.706,0.245,107.4,27.2,8.8,0.408,0.348,49.0,0.545,0.506,71.8,-0.14,7.4,-0.73,0.409,0.382,51.0,0.593,15.4,0.566,0.548,1456
343,WINTHROP,47.5,13.1,0.535,0.455,0.37,0.717,0.266,12.099999999999994,108.3,27.1,40.8,9.7,0.463,0.408,0.335,0.722,0.242,96.2,28.1,8.2,0.352,0.313,49.7,0.503,0.459,71.5,1.34,8.9,-6.12,0.429,0.373,50.3,0.568,15.7,0.517,0.788,1457
344,WISCONSIN,51.9,9.8,0.521,0.455,0.329,0.644,0.212,15.299999999999997,110.7,35.7,45.6,8.5,0.476,0.413,0.281,0.739,0.207,95.4,25.4,8.1,0.335,0.376,45.3,0.511,0.431,64.5,19.4,10.3,9.4,0.369,0.359,54.7,0.542,14.3,0.511,0.73,1458
345,WOFFORD,61.3,5.7,0.548,0.467,0.321,0.779,0.25,4.8999999999999915,112.6,29.0,46.4,7.8,0.529,0.472,0.368,0.728,0.268,107.7,27.9,9.1,0.338,0.342,49.7,0.565,0.538,68.2,-0.71,8.0,-1.08,0.4,0.403,50.3,0.584,15.4,0.51,0.485,1459
346,WRIGHT-STATE,57.8,6.8,0.527,0.449,0.393,0.764,0.3,6.5,106.8,29.8,47.8,9.1,0.508,0.442,0.364,0.705,0.256,100.3,26.2,9.4,0.393,0.338,48.2,0.543,0.509,71.6,-1.02,7.8,-2.42,0.412,0.381,51.8,0.571,18.0,0.497,0.625,1460
347,WYOMING,56.9,11.1,0.517,0.435,0.375,0.73,0.274,4.3999999999999915,103.6,22.9,44.6,9.2,0.456,0.402,0.384,0.724,0.278,99.2,26.7,9.1,0.348,0.31,50.8,0.503,0.451,74.0,2.83,6.8,0.55,0.466,0.35,49.2,0.555,15.8,0.51,0.605,1461
348,XAVIER,57.0,7.7,0.519,0.457,0.41,0.689,0.283,4.799999999999997,109.0,34.4,55.0,10.4,0.516,0.45,0.334,0.698,0.233,104.2,25.3,9.3,0.395,0.334,45.6,0.546,0.525,68.3,14.8,8.8,11.51,0.361,0.344,54.4,0.553,15.7,0.52,0.632,1462
349,YALE,58.8,11.5,0.531,0.468,0.336,0.732,0.246,6.200000000000003,108.3,31.4,51.7,9.9,0.491,0.429,0.261,0.711,0.185,102.1,28.4,9.7,0.382,0.329,47.6,0.52,0.49,68.2,0.21,8.2,-2.19,0.354,0.357,52.4,0.564,16.5,0.528,0.621,1463
350,YOUNGSTOWN-STATE,52.3,7.5,0.496,0.44,0.27,0.672,0.181,-7.200000000000003,102.1,26.5,53.7,7.7,0.524,0.462,0.28,0.718,0.201,109.3,30.8,7.8,0.362,0.346,52.6,0.552,0.528,73.7,-9.75,7.3,-2.56,0.336,0.333,47.4,0.52,13.9,0.494,0.382,1464
